transaction_id,store_id,product_id,quantity_sold,unit_price,total_amount,sale_date
50001,4,1008,9,65.0,585.0,2024-07-22
50002,1,1004,4,180.0,720.0,2024-02-24
50003,3,1006,10,120.0,1200.0,2024-11-11
50004,3,1004,4,180.0,720.0,2024-03-17
50005,5,1009,8,85.0,680.0,2024-04-08
50006,5,1009,6,85.0,510.0,2024-07-31
50007,3,1013,1,120.0,120.0,2024-01-18
50008,5,1009,7,85.0,595.0,2024-10-19
50009,4,1011,2,30.0,60.0,2024-08-29
50010,5,1007,7,45.0,315.0,2024-08-21
50011,5,1012,5,40.0,200.0,2024-05-28
50012,1,1002,6,35.0,210.0,2024-05-22
50013,4,1005,6,185.0,1110.0,2024-02-12
50014,3,1005,2,185.0,370.0,2024-01-11
50015,5,1004,3,180.0,540.0,2024-01-03
50016,2,1009,2,85.0,170.0,2024-12-15
50017,5,1002,7,35.0,245.0,2024-02-20
50018,4,1002,8,35.0,280.0,2024-01-23
50019,5,1009,3,85.0,255.0,2024-01-04
50020,4,1009,2,85.0,170.0,2024-02-06
50021,3,1006,8,120.0,960.0,2024-09-26
50022,2,1008,7,65.0,455.0,2024-09-19
50023,3,1007,1,45.0,45.0,2024-03-16
50024,5,1008,1,65.0,65.0,2024-04-23
50025,4,1012,9,40.0,360.0,2024-01-10
50026,4,1011,2,30.0,60.0,2024-09-14
50027,4,1003,7,55.0,385.0,2024-10-13
50028,5,1013,6,120.0,720.0,2024-07-29
50029,1,1006,7,120.0,840.0,2024-05-20
50030,5,1012,10,40.0,400.0,2024-07-21
50031,4,1014,1,35.0,35.0,2024-04-25
50032,1,1012,4,40.0,160.0,2024-07-17
50033,5,1014,3,35.0,105.0,2024-10-28
50034,2,1008,1,65.0,65.0,2024-03-17
50035,3,1012,6,40.0,240.0,2024-01-26
50036,4,1004,10,180.0,1800.0,2024-06-17
50037,2,1013,1,120.0,120.0,2024-12-29
50038,3,1006,4,120.0,480.0,2024-07-01
50039,5,1006,5,120.0,600.0,2024-03-19
50040,2,1006,2,120.0,240.0,2024-12-09
50041,3,1008,9,65.0,585.0,2024-08-27
50042,5,1011,2,30.0,60.0,2024-01-31
50043,1,1009,5,85.0,425.0,2024-08-13
50044,4,1006,2,120.0,240.0,2024-01-31
50045,3,1004,10,180.0,1800.0,2024-09-11
50046,3,1014,2,35.0,70.0,2024-09-22
50047,1,1010,9,25.0,225.0,2024-10-13
50048,4,1013,6,120.0,720.0,2024-11-13
50049,5,1014,3,35.0,105.0,2024-11-27
50050,3,1003,7,55.0,385.0,2024-03-19
50051,4,1010,2,25.0,50.0,2024-10-23
50052,3,1004,5,180.0,900.0,2024-07-28
50053,5,1011,8,30.0,240.0,2024-10-23
50054,3,1005,5,185.0,925.0,2024-07-30
50055,5,1006,4,120.0,480.0,2024-11-09
50056,5,1014,7,35.0,245.0,2024-07-26
50057,4,1008,3,65.0,195.0,2024-02-04
50058,1,1013,10,120.0,1200.0,2024-01-08
50059,5,1001,3,450.0,1350.0,2024-04-10
50060,4,1011,6,30.0,180.0,2024-10-01
50061,1,1003,6,55.0,330.0,2024-05-02
50062,5,1013,1,120.0,120.0,2024-01-08
50063,5,1001,5,450.0,2250.0,2024-03-16
50064,5,1008,8,65.0,520.0,2024-05-22
50065,3,1008,7,65.0,455.0,2024-01-18
50066,5,1009,7,85.0,595.0,2024-11-19
50067,4,1003,10,55.0,550.0,2024-02-10
50068,5,1014,10,35.0,350.0,2024-01-06
50069,5,1013,7,120.0,840.0,2024-03-20
50070,1,1012,6,40.0,240.0,2024-04-18
50071,1,1008,7,65.0,455.0,2024-02-08
50072,5,1003,5,55.0,275.0,2024-10-01
50073,3,1010,6,25.0,150.0,2024-04-28
50074,2,1005,6,185.0,1110.0,2024-09-23
50075,2,1005,10,185.0,1850.0,2024-11-02
50076,3,1004,1,180.0,180.0,2024-05-28
50077,3,1003,2,55.0,110.0,2024-11-26
50078,1,1005,7,185.0,1295.0,2024-05-10
50079,5,1008,2,65.0,130.0,2024-04-28
50080,1,1004,1,180.0,180.0,2024-03-12
50081,3,1006,10,120.0,1200.0,2024-04-18
50082,2,1002,1,35.0,35.0,2024-05-15
50083,4,1010,4,25.0,100.0,2024-12-16
50084,4,1008,6,65.0,390.0,2024-11-24
50085,4,1008,7,65.0,455.0,2024-06-06
50086,3,1003,1,55.0,55.0,2024-04-25
50087,1,1006,6,120.0,720.0,2024-05-10
50088,2,1014,7,35.0,245.0,2024-05-02
50089,4,1014,7,35.0,245.0,2024-05-21
50090,2,1009,8,85.0,680.0,2024-06-24
50091,5,1011,5,30.0,150.0,2024-06-02
50092,5,1007,2,45.0,90.0,2024-05-15
50093,3,1002,7,35.0,245.0,2024-09-13
50094,4,1009,5,85.0,425.0,2024-01-09
50095,1,1008,1,65.0,65.0,2024-04-21
50096,3,1010,9,25.0,225.0,2024-03-21
50097,3,1009,10,85.0,850.0,2024-01-27
50098,2,1008,3,65.0,195.0,2024-04-28
50099,2,1009,4,85.0,340.0,2024-07-11
50100,2,1005,9,185.0,1665.0,2024-09-08
50101,5,1007,3,45.0,135.0,2024-06-19
50102,3,1013,4,120.0,480.0,2024-12-03
50103,1,1007,7,45.0,315.0,2024-01-27
50104,2,1010,2,25.0,50.0,2024-01-01
50105,5,1002,4,35.0,140.0,2024-03-09
50106,5,1003,7,55.0,385.0,2024-07-14
50107,2,1012,7,40.0,280.0,2024-05-27
50108,2,1007,9,45.0,405.0,2024-10-19
50109,3,1012,3,40.0,120.0,2024-09-23
50110,4,1010,10,25.0,250.0,2024-07-20
50111,3,1003,10,55.0,550.0,2024-02-27
50112,4,1013,5,120.0,600.0,2024-07-23
50113,4,1012,8,40.0,320.0,2024-01-18
50114,5,1008,7,65.0,455.0,2024-10-12
50115,2,1010,7,25.0,175.0,2024-02-07
50116,3,1012,3,40.0,120.0,2024-06-08
50117,1,1009,8,85.0,680.0,2024-02-13
50118,3,1001,9,450.0,4050.0,2024-10-19
50119,2,1006,3,120.0,360.0,2024-12-06
50120,2,1014,3,35.0,105.0,2024-06-16
50121,1,1010,7,25.0,175.0,2024-12-26
50122,5,1008,2,65.0,130.0,2024-09-15
50123,4,1005,5,185.0,925.0,2024-11-12
50124,5,1009,6,85.0,510.0,2024-03-21
50125,1,1004,2,180.0,360.0,2024-05-31
50126,4,1010,1,25.0,25.0,2024-08-08
50127,2,1011,10,30.0,300.0,2024-05-06
50128,5,1001,2,450.0,900.0,2024-02-07
50129,1,1003,3,55.0,165.0,2024-12-25
50130,4,1006,5,120.0,600.0,2024-09-22
50131,3,1014,7,35.0,245.0,2024-07-28
50132,3,1011,1,30.0,30.0,2024-09-20
50133,1,1002,4,35.0,140.0,2024-10-25
50134,4,1002,6,35.0,210.0,2024-09-12
50135,2,1004,8,180.0,1440.0,2024-12-10
50136,2,1014,7,35.0,245.0,2024-09-15
50137,2,1001,6,450.0,2700.0,2024-04-07
50138,3,1002,3,35.0,105.0,2024-06-03
50139,2,1012,2,40.0,80.0,2024-08-13
50140,4,1007,4,45.0,180.0,2024-08-05
50141,1,1002,5,35.0,175.0,2024-02-18
50142,3,1010,1,25.0,25.0,2024-08-23
50143,4,1003,1,55.0,55.0,2024-07-20
50144,4,1004,2,180.0,360.0,2024-06-08
50145,5,1008,6,65.0,390.0,2024-05-13
50146,2,1012,3,40.0,120.0,2024-01-18
50147,1,1008,8,65.0,520.0,2024-11-13
50148,4,1002,10,35.0,350.0,2024-06-30
50149,1,1002,8,35.0,280.0,2024-02-17
50150,1,1003,4,55.0,220.0,2024-06-29
50151,3,1011,2,30.0,60.0,2024-11-07
50152,2,1014,9,35.0,315.0,2024-12-29
50153,1,1007,7,45.0,315.0,2024-03-26
50154,1,1004,5,180.0,900.0,2024-05-26
50155,5,1010,4,25.0,100.0,2024-03-18
50156,2,1014,5,35.0,175.0,2024-07-30
50157,5,1009,8,85.0,680.0,2024-07-19
50158,3,1005,6,185.0,1110.0,2024-07-20
50159,1,1014,5,35.0,175.0,2024-01-23
50160,5,1013,4,120.0,480.0,2024-04-10
50161,4,1004,5,180.0,900.0,2024-02-09
50162,2,1002,6,35.0,210.0,2024-02-23
50163,4,1006,10,120.0,1200.0,2024-01-15
50164,3,1010,5,25.0,125.0,2024-09-06
50165,1,1004,2,180.0,360.0,2024-05-22
50166,2,1013,3,120.0,360.0,2024-02-05
50167,5,1008,10,65.0,650.0,2024-08-14
50168,3,1014,5,35.0,175.0,2024-01-29
50169,5,1004,8,180.0,1440.0,2024-07-04
50170,4,1006,8,120.0,960.0,2024-11-21
50171,5,1001,8,450.0,3600.0,2024-10-01
50172,4,1005,10,185.0,1850.0,2024-01-22
50173,2,1009,5,85.0,425.0,2024-02-06
50174,2,1009,5,85.0,425.0,2024-02-15
50175,3,1007,7,45.0,315.0,2024-10-09
50176,5,1005,9,185.0,1665.0,2024-07-06
50177,3,1001,7,450.0,3150.0,2024-10-14
50178,4,1010,8,25.0,200.0,2024-06-01
50179,4,1008,10,65.0,650.0,2024-12-16
50180,5,1010,6,25.0,150.0,2024-04-14
50181,2,1007,2,45.0,90.0,2024-08-05
50182,1,1004,7,180.0,1260.0,2024-04-01
50183,4,1008,3,65.0,195.0,2024-07-13
50184,5,1010,6,25.0,150.0,2024-08-03
50185,4,1012,5,40.0,200.0,2024-06-25
50186,4,1011,4,30.0,120.0,2024-11-03
50187,2,1002,2,35.0,70.0,2024-05-30
50188,3,1008,5,65.0,325.0,2024-02-20
50189,1,1004,2,180.0,360.0,2024-11-11
50190,5,1009,2,85.0,170.0,2024-01-01
50191,2,1014,2,35.0,70.0,2024-12-19
50192,1,1011,9,30.0,270.0,2024-04-24
50193,4,1005,10,185.0,1850.0,2024-08-20
50194,1,1002,9,35.0,315.0,2024-05-20
50195,4,1010,1,25.0,25.0,2024-12-03
50196,3,1004,8,180.0,1440.0,2024-12-04
50197,5,1004,3,180.0,540.0,2024-03-30
50198,4,1012,7,40.0,280.0,2024-08-22
50199,2,1008,6,65.0,390.0,2024-10-31
50200,1,1011,8,30.0,240.0,2024-02-14
50201,5,1011,3,30.0,90.0,2024-07-20
50202,3,1011,7,30.0,210.0,2024-09-30
50203,2,1005,6,185.0,1110.0,2024-10-15
50204,1,1008,7,65.0,455.0,2024-10-23
50205,4,1014,10,35.0,350.0,2024-05-05
50206,1,1007,3,45.0,135.0,2024-07-02
50207,2,1014,5,35.0,175.0,2024-11-29
50208,4,1013,6,120.0,720.0,2024-08-21
50209,1,1002,4,35.0,140.0,2024-10-24
50210,3,1010,3,25.0,75.0,2024-05-08
50211,4,1010,4,25.0,100.0,2024-07-21
50212,1,1014,6,35.0,210.0,2024-11-26
50213,1,1009,2,85.0,170.0,2024-07-15
50214,2,1011,8,30.0,240.0,2024-08-27
50215,4,1012,9,40.0,360.0,2024-10-17
50216,4,1007,6,45.0,270.0,2024-02-25
50217,5,1008,7,65.0,455.0,2024-03-02
50218,5,1007,6,45.0,270.0,2024-06-29
50219,2,1005,2,185.0,370.0,2024-05-18
50220,3,1005,10,185.0,1850.0,2024-01-04
50221,3,1011,3,30.0,90.0,2024-10-28
50222,3,1010,3,25.0,75.0,2024-12-20
50223,1,1014,7,35.0,245.0,2024-11-08
50224,3,1006,6,120.0,720.0,2024-06-29
50225,4,1006,2,120.0,240.0,2024-02-13
50226,5,1014,5,35.0,175.0,2024-01-04
50227,1,1004,9,180.0,1620.0,2024-03-08
50228,1,1002,2,35.0,70.0,2024-03-30
50229,4,1005,4,185.0,740.0,2024-05-29
50230,4,1013,10,120.0,1200.0,2024-01-14
50231,3,1013,10,120.0,1200.0,2024-04-20
50232,1,1014,6,35.0,210.0,2024-03-01
50233,3,1005,1,185.0,185.0,2024-09-03
50234,5,1005,4,185.0,740.0,2024-06-13
50235,3,1013,9,120.0,1080.0,2024-11-27
50236,1,1013,7,120.0,840.0,2024-07-24
50237,4,1007,2,45.0,90.0,2024-10-21
50238,5,1012,2,40.0,80.0,2024-03-11
50239,1,1003,1,55.0,55.0,2024-04-07
50240,5,1003,4,55.0,220.0,2024-12-07
50241,5,1010,9,25.0,225.0,2024-05-01
50242,4,1008,8,65.0,520.0,2024-11-02
50243,5,1012,5,40.0,200.0,2024-04-01
50244,3,1008,7,65.0,455.0,2024-11-24
50245,3,1001,3,450.0,1350.0,2024-07-23
50246,2,1010,1,25.0,25.0,2024-02-15
50247,3,1008,4,65.0,260.0,2024-05-20
50248,5,1002,3,35.0,105.0,2024-07-17
50249,2,1008,4,65.0,260.0,2024-03-29
50250,3,1010,6,25.0,150.0,2024-10-23
50251,5,1010,6,25.0,150.0,2024-07-09
50252,5,1012,10,40.0,400.0,2024-04-24
50253,5,1004,9,180.0,1620.0,2024-11-12
50254,5,1012,2,40.0,80.0,2024-05-18
50255,4,1008,7,65.0,455.0,2024-04-27
50256,1,1014,8,35.0,280.0,2024-03-17
50257,4,1014,5,35.0,175.0,2024-03-19
50258,4,1001,6,450.0,2700.0,2024-07-28
50259,2,1002,1,35.0,35.0,2024-06-28
50260,2,1007,1,45.0,45.0,2024-12-16
50261,1,1013,6,120.0,720.0,2024-03-02
50262,3,1002,6,35.0,210.0,2024-02-01
50263,4,1013,5,120.0,600.0,2024-03-08
50264,5,1014,5,35.0,175.0,2024-11-09
50265,3,1010,6,25.0,150.0,2024-06-23
50266,2,1010,8,25.0,200.0,2024-07-20
50267,1,1014,3,35.0,105.0,2024-10-22
50268,4,1002,8,35.0,280.0,2024-05-04
50269,5,1008,5,65.0,325.0,2024-07-14
50270,1,1012,9,40.0,360.0,2024-04-03
50271,1,1008,8,65.0,520.0,2024-11-13
50272,2,1005,9,185.0,1665.0,2024-04-18
50273,2,1012,8,40.0,320.0,2024-09-01
50274,2,1007,1,45.0,45.0,2024-02-24
50275,3,1010,3,25.0,75.0,2024-06-29
50276,3,1003,10,55.0,550.0,2024-05-22
50277,5,1013,7,120.0,840.0,2024-08-13
50278,5,1009,8,85.0,680.0,2024-08-08
50279,1,1007,3,45.0,135.0,2024-05-01
50280,5,1007,1,45.0,45.0,2024-03-02
50281,1,1013,6,120.0,720.0,2024-01-01
50282,3,1004,6,180.0,1080.0,2024-07-26
50283,3,1010,10,25.0,250.0,2024-09-05
50284,3,1008,3,65.0,195.0,2024-03-31
50285,2,1004,10,180.0,1800.0,2024-07-08
50286,4,1011,10,30.0,300.0,2024-05-25
50287,3,1014,8,35.0,280.0,2024-02-07
50288,3,1014,8,35.0,280.0,2024-02-20
50289,2,1006,2,120.0,240.0,2024-11-07
50290,5,1002,1,35.0,35.0,2024-02-12
50291,2,1011,9,30.0,270.0,2024-11-15
50292,5,1012,8,40.0,320.0,2024-01-13
50293,4,1010,4,25.0,100.0,2024-08-18
50294,4,1008,7,65.0,455.0,2024-03-01
50295,3,1008,3,65.0,195.0,2024-09-27
50296,5,1012,8,40.0,320.0,2024-01-30
50297,4,1013,7,120.0,840.0,2024-06-16
50298,4,1011,10,30.0,300.0,2024-01-07
50299,5,1006,1,120.0,120.0,2024-03-03
50300,4,1007,1,45.0,45.0,2024-04-18
50301,2,1008,7,65.0,455.0,2024-05-15
50302,5,1005,8,185.0,1480.0,2024-04-30
50303,2,1006,8,120.0,960.0,2024-03-01
50304,5,1009,3,85.0,255.0,2024-07-18
50305,3,1001,5,450.0,2250.0,2024-01-25
50306,5,1009,7,85.0,595.0,2024-12-30
50307,2,1004,9,180.0,1620.0,2024-12-10
50308,4,1009,9,85.0,765.0,2024-03-17
50309,3,1013,8,120.0,960.0,2024-01-12
50310,1,1012,2,40.0,80.0,2024-01-17
50311,2,1006,4,120.0,480.0,2024-03-18
50312,1,1008,10,65.0,650.0,2024-11-17
50313,1,1014,6,35.0,210.0,2024-05-11
50314,5,1006,8,120.0,960.0,2024-01-27
50315,1,1001,2,450.0,900.0,2024-05-31
50316,1,1014,7,35.0,245.0,2024-12-23
50317,2,1014,8,35.0,280.0,2024-09-13
50318,4,1005,3,185.0,555.0,2024-05-26
50319,1,1014,3,35.0,105.0,2024-10-22
50320,2,1005,8,185.0,1480.0,2024-06-27
50321,5,1013,10,120.0,1200.0,2024-08-20
50322,4,1009,6,85.0,510.0,2024-03-01
50323,3,1005,8,185.0,1480.0,2024-10-09
50324,5,1009,1,85.0,85.0,2024-03-28
50325,4,1012,6,40.0,240.0,2024-01-29
50326,5,1005,9,185.0,1665.0,2024-12-06
50327,4,1001,3,450.0,1350.0,2024-09-08
50328,5,1004,5,180.0,900.0,2024-11-23
50329,2,1012,10,40.0,400.0,2024-12-09
50330,1,1004,3,180.0,540.0,2024-11-15
50331,4,1002,6,35.0,210.0,2024-09-15
50332,2,1007,10,45.0,450.0,2024-07-21
50333,2,1008,4,65.0,260.0,2024-09-12
50334,1,1003,2,55.0,110.0,2024-01-09
50335,3,1006,9,120.0,1080.0,2024-09-26
50336,1,1011,4,30.0,120.0,2024-02-02
50337,4,1010,8,25.0,200.0,2024-03-06
50338,3,1001,1,450.0,450.0,2024-02-05
50339,1,1012,8,40.0,320.0,2024-08-25
50340,1,1007,9,45.0,405.0,2024-06-29
50341,3,1003,8,55.0,440.0,2024-11-11
50342,2,1013,5,120.0,600.0,2024-10-03
50343,1,1014,5,35.0,175.0,2024-07-08
50344,4,1014,10,35.0,350.0,2024-09-03
50345,4,1001,3,450.0,1350.0,2024-09-09
50346,1,1014,8,35.0,280.0,2024-09-04
50347,1,1013,2,120.0,240.0,2024-05-16
50348,5,1007,5,45.0,225.0,2024-11-19
50349,1,1003,1,55.0,55.0,2024-03-03
50350,4,1008,3,65.0,195.0,2024-10-04
50351,1,1005,6,185.0,1110.0,2024-01-28
50352,2,1014,5,35.0,175.0,2024-09-11
50353,5,1008,1,65.0,65.0,2024-05-02
50354,2,1007,10,45.0,450.0,2024-02-27
50355,2,1011,9,30.0,270.0,2024-01-19
50356,1,1011,5,30.0,150.0,2024-02-23
50357,3,1014,6,35.0,210.0,2024-02-03
50358,3,1009,5,85.0,425.0,2024-01-05
50359,4,1012,10,40.0,400.0,2024-04-07
50360,4,1005,6,185.0,1110.0,2024-10-06
50361,2,1010,5,25.0,125.0,2024-09-06
50362,1,1011,1,30.0,30.0,2024-04-22
50363,3,1014,6,35.0,210.0,2024-08-17
50364,5,1005,9,185.0,1665.0,2024-03-25
50365,5,1012,9,40.0,360.0,2024-11-17
50366,1,1004,10,180.0,1800.0,2024-05-24
50367,3,1002,3,35.0,105.0,2024-04-15
50368,2,1003,3,55.0,165.0,2024-07-12
50369,1,1008,5,65.0,325.0,2024-08-10
50370,3,1002,5,35.0,175.0,2024-02-14
50371,2,1011,1,30.0,30.0,2024-11-22
50372,5,1004,6,180.0,1080.0,2024-12-03
50373,2,1001,5,450.0,2250.0,2024-12-18
50374,4,1007,4,45.0,180.0,2024-02-12
50375,4,1009,5,85.0,425.0,2024-02-29
50376,3,1001,9,450.0,4050.0,2024-12-25
50377,1,1010,2,25.0,50.0,2024-03-31
50378,4,1004,10,180.0,1800.0,2024-02-22
50379,3,1005,6,185.0,1110.0,2024-08-07
50380,4,1012,7,40.0,280.0,2024-08-16
50381,1,1013,10,120.0,1200.0,2024-04-02
50382,5,1012,7,40.0,280.0,2024-03-29
50383,5,1010,3,25.0,75.0,2024-03-24
50384,4,1009,3,85.0,255.0,2024-07-10
50385,2,1012,2,40.0,80.0,2024-05-24
50386,3,1002,4,35.0,140.0,2024-12-25
50387,1,1007,7,45.0,315.0,2024-09-23
50388,5,1006,7,120.0,840.0,2024-01-29
50389,1,1002,7,35.0,245.0,2024-12-25
50390,3,1008,6,65.0,390.0,2024-07-20
50391,3,1012,10,40.0,400.0,2024-08-04
50392,2,1001,10,450.0,4500.0,2024-02-13
50393,5,1001,1,450.0,450.0,2024-12-22
50394,3,1012,7,40.0,280.0,2024-06-27
50395,1,1008,8,65.0,520.0,2024-07-22
50396,2,1006,8,120.0,960.0,2024-08-30
50397,5,1013,3,120.0,360.0,2024-12-22
50398,1,1011,1,30.0,30.0,2024-10-31
50399,1,1001,3,450.0,1350.0,2024-07-16
50400,3,1005,5,185.0,925.0,2024-11-08
50401,1,1004,5,180.0,900.0,2024-10-23
50402,5,1005,6,185.0,1110.0,2024-09-16
50403,4,1002,7,35.0,245.0,2024-06-11
50404,4,1013,1,120.0,120.0,2024-12-19
50405,5,1009,4,85.0,340.0,2024-12-12
50406,5,1013,9,120.0,1080.0,2024-08-30
50407,4,1012,2,40.0,80.0,2024-02-23
50408,4,1014,1,35.0,35.0,2024-05-28
50409,1,1001,7,450.0,3150.0,2024-03-27
50410,4,1006,8,120.0,960.0,2024-01-27
50411,5,1008,4,65.0,260.0,2024-04-06
50412,2,1007,4,45.0,180.0,2024-01-22
50413,2,1013,7,120.0,840.0,2024-10-13
50414,2,1006,1,120.0,120.0,2024-11-05
50415,3,1002,10,35.0,350.0,2024-08-16
50416,1,1006,8,120.0,960.0,2024-01-29
50417,1,1005,5,185.0,925.0,2024-09-03
50418,3,1012,9,40.0,360.0,2024-12-26
50419,3,1004,5,180.0,900.0,2024-06-12
50420,2,1005,1,185.0,185.0,2024-04-06
50421,5,1007,5,45.0,225.0,2024-04-06
50422,5,1001,3,450.0,1350.0,2024-06-20
50423,1,1009,4,85.0,340.0,2024-01-31
50424,1,1001,9,450.0,4050.0,2024-08-27
50425,5,1005,3,185.0,555.0,2024-04-10
50426,4,1001,1,450.0,450.0,2024-07-26
50427,4,1001,9,450.0,4050.0,2024-05-31
50428,1,1003,2,55.0,110.0,2024-04-22
50429,4,1014,2,35.0,70.0,2024-03-17
50430,3,1014,8,35.0,280.0,2024-11-14
50431,2,1007,10,45.0,450.0,2024-01-18
50432,5,1007,6,45.0,270.0,2024-12-02
50433,5,1006,7,120.0,840.0,2024-01-26
50434,3,1006,3,120.0,360.0,2024-10-06
50435,1,1013,10,120.0,1200.0,2024-06-15
50436,3,1009,10,85.0,850.0,2024-10-17
50437,3,1001,4,450.0,1800.0,2024-10-07
50438,2,1004,7,180.0,1260.0,2024-10-12
50439,3,1012,9,40.0,360.0,2024-11-12
50440,4,1001,7,450.0,3150.0,2024-01-08
50441,2,1003,9,55.0,495.0,2024-01-23
50442,3,1012,5,40.0,200.0,2024-03-02
50443,4,1006,1,120.0,120.0,2024-04-10
50444,3,1013,4,120.0,480.0,2024-05-13
50445,2,1014,8,35.0,280.0,2024-05-06
50446,5,1009,4,85.0,340.0,2024-10-01
50447,4,1007,3,45.0,135.0,2024-03-10
50448,3,1010,7,25.0,175.0,2024-03-25
50449,2,1005,9,185.0,1665.0,2024-08-31
50450,2,1005,9,185.0,1665.0,2024-09-29
50451,3,1008,9,65.0,585.0,2024-05-18
50452,3,1001,4,450.0,1800.0,2024-10-13
50453,1,1005,8,185.0,1480.0,2024-04-07
50454,1,1009,5,85.0,425.0,2024-08-11
50455,5,1004,7,180.0,1260.0,2024-02-01
50456,2,1003,5,55.0,275.0,2024-07-23
50457,2,1007,6,45.0,270.0,2024-06-12
50458,3,1006,7,120.0,840.0,2024-06-10
50459,2,1013,9,120.0,1080.0,2024-09-29
50460,4,1009,7,85.0,595.0,2024-02-17
50461,1,1012,8,40.0,320.0,2024-07-05
50462,2,1005,6,185.0,1110.0,2024-03-08
50463,5,1009,8,85.0,680.0,2024-11-10
50464,5,1002,5,35.0,175.0,2024-07-18
50465,3,1009,8,85.0,680.0,2024-02-02
50466,3,1013,2,120.0,240.0,2024-07-20
50467,2,1011,7,30.0,210.0,2024-07-06
50468,2,1006,10,120.0,1200.0,2024-08-05
50469,1,1005,5,185.0,925.0,2024-11-21
50470,1,1013,1,120.0,120.0,2024-10-03
50471,1,1002,7,35.0,245.0,2024-02-04
50472,2,1008,10,65.0,650.0,2024-07-03
50473,3,1011,1,30.0,30.0,2024-11-10
50474,3,1001,4,450.0,1800.0,2024-07-27
50475,1,1003,7,55.0,385.0,2024-09-05
50476,1,1003,2,55.0,110.0,2024-09-09
50477,3,1004,7,180.0,1260.0,2024-12-27
50478,3,1011,5,30.0,150.0,2024-06-29
50479,4,1004,7,180.0,1260.0,2024-06-24
50480,2,1004,4,180.0,720.0,2024-01-27
50481,5,1010,5,25.0,125.0,2024-06-03
50482,5,1005,1,185.0,185.0,2024-02-12
50483,5,1007,7,45.0,315.0,2024-04-27
50484,5,1009,9,85.0,765.0,2024-09-30
50485,1,1005,6,185.0,1110.0,2024-10-13
50486,3,1011,1,30.0,30.0,2024-10-01
50487,2,1004,7,180.0,1260.0,2024-09-14
50488,2,1002,6,35.0,210.0,2024-06-24
50489,4,1003,10,55.0,550.0,2024-09-14
50490,1,1006,7,120.0,840.0,2024-09-27
50491,4,1007,8,45.0,360.0,2024-10-03
50492,4,1002,10,35.0,350.0,2024-09-07
50493,5,1013,6,120.0,720.0,2024-12-20
50494,5,1010,1,25.0,25.0,2024-08-11
50495,3,1006,7,120.0,840.0,2024-07-15
50496,1,1008,9,65.0,585.0,2024-12-08
50497,3,1011,2,30.0,60.0,2024-07-28
50498,3,1010,2,25.0,50.0,2024-09-20
50499,2,1014,1,35.0,35.0,2024-12-30
50500,3,1004,2,180.0,360.0,2024-11-27
60500,3,1004,2,180.0,360.0,2024-11-27
50501,3,1012,3,40.0,120.0,2024-10-23
50502,2,1013,6,120.0,720.0,2024-03-15
50503,2,1011,4,30.0,120.0,2024-09-12
50504,1,1004,10,180.0,1800.0,2024-12-27
50505,2,1014,8,35.0,280.0,2024-07-12
50506,1,1004,3,180.0,540.0,2024-07-04
50507,3,1002,9,35.0,315.0,2024-06-22
50508,4,1003,2,55.0,110.0,2024-02-20
50509,1,1005,4,185.0,740.0,2024-05-17
50510,3,1006,6,120.0,720.0,2024-07-11
50511,2,1010,7,25.0,175.0,2024-05-05
50512,3,1003,2,55.0,110.0,2024-07-19
50513,4,1005,3,185.0,555.0,2024-06-16
50514,3,1014,1,35.0,35.0,2024-09-06
50515,3,1004,3,180.0,540.0,2024-11-05
50516,4,1011,5,30.0,150.0,2024-08-12
50517,3,1009,6,85.0,510.0,2024-03-18
50518,3,1005,5,185.0,925.0,2024-12-08
50519,5,1008,1,65.0,65.0,2024-03-05
50520,1,1001,1,450.0,450.0,2024-11-17
50521,2,1006,7,120.0,840.0,2024-06-26
50522,1,1001,9,450.0,4050.0,2024-08-29
50523,2,1005,2,185.0,370.0,2024-09-05
50524,3,1009,7,85.0,595.0,2024-11-03
50525,2,1005,2,185.0,370.0,2024-03-17
50526,4,1011,10,30.0,300.0,2024-10-09
50527,3,1007,5,45.0,225.0,2024-08-06
50528,2,1001,5,450.0,2250.0,2024-11-21
50529,5,1005,10,185.0,1850.0,2024-02-10
50530,1,1008,7,65.0,455.0,2024-11-03
50531,5,1004,7,180.0,1260.0,2024-03-25
50532,3,1007,7,45.0,315.0,2024-02-27
50533,2,1006,9,120.0,1080.0,2024-07-05
50534,4,1003,4,55.0,220.0,2024-03-24
50535,4,1014,5,35.0,175.0,2024-12-11
50536,5,1006,10,120.0,1200.0,2024-06-21
50537,5,1004,4,180.0,720.0,2024-02-08
50538,3,1009,5,85.0,425.0,2024-03-10
50539,1,1014,5,35.0,175.0,2024-11-14
50540,5,1006,1,120.0,120.0,2024-10-28
50541,4,1007,1,45.0,45.0,2024-12-16
50542,3,1014,2,35.0,70.0,2024-01-26
50543,1,1008,8,65.0,520.0,2024-02-27
50544,1,1002,9,35.0,315.0,2024-04-13
50545,3,1014,7,35.0,245.0,2024-02-11
50546,3,1010,8,25.0,200.0,2024-06-29
50547,3,1004,7,180.0,1260.0,2024-05-24
50548,3,1006,9,120.0,1080.0,2024-12-12
50549,2,1003,6,55.0,330.0,2024-09-20
50550,4,1012,7,40.0,280.0,2024-09-16
50551,3,1013,7,120.0,840.0,2024-08-25
50552,3,1001,1,450.0,450.0,2024-09-03
50553,1,1002,3,35.0,105.0,2024-01-06
50554,1,1009,9,85.0,765.0,2024-08-02
50555,1,1012,8,40.0,320.0,2024-12-12
50556,5,1007,2,45.0,90.0,2024-09-26
50557,4,1007,10,45.0,450.0,2024-02-17
50558,5,1002,4,35.0,140.0,2024-08-03
50559,4,1014,10,35.0,350.0,2024-11-05
50560,4,1014,1,35.0,35.0,2024-09-28
50561,2,1012,10,40.0,400.0,2024-09-13
50562,4,1008,3,65.0,195.0,2024-09-11
50563,2,1004,3,180.0,540.0,2024-05-16
50564,2,1006,10,120.0,1200.0,2024-06-13
50565,1,1004,1,180.0,180.0,2024-11-18
50566,4,1014,6,35.0,210.0,2024-09-21
50567,2,1007,9,45.0,405.0,2024-05-14
50568,4,1010,8,25.0,200.0,2024-12-11
50569,3,1010,10,25.0,250.0,2024-02-04
50570,4,1013,3,120.0,360.0,2024-10-05
50571,4,1004,6,180.0,1080.0,2024-01-06
50572,5,1007,7,45.0,315.0,2024-04-20
50573,1,1004,8,180.0,1440.0,2024-05-05
50574,4,1010,2,25.0,50.0,2024-06-10
50575,4,1007,6,45.0,270.0,2024-08-09
50576,1,1004,1,180.0,180.0,2024-06-24
50577,1,1006,5,120.0,600.0,2024-01-04
50578,1,1007,9,45.0,405.0,2024-12-20
50579,2,1011,10,30.0,300.0,2024-05-31
50580,5,1002,10,35.0,350.0,2024-07-29
50581,4,1007,2,45.0,90.0,2024-11-26
50582,4,1004,2,180.0,360.0,2024-11-24
50583,5,1014,3,35.0,105.0,2024-06-06
50584,4,1002,6,35.0,210.0,2024-10-16
50585,5,1006,2,120.0,240.0,2024-11-28
50586,5,1014,6,35.0,210.0,2024-10-05
50587,2,1009,1,85.0,85.0,2024-04-15
50588,4,1001,3,450.0,1350.0,2024-10-25
50589,4,1008,7,65.0,455.0,2024-04-15
50590,3,1007,5,45.0,225.0,2024-07-06
50591,5,1003,4,55.0,220.0,2024-06-14
50592,3,1013,9,120.0,1080.0,2024-11-08
50593,1,1007,9,45.0,405.0,2024-12-17
50594,3,1007,10,45.0,450.0,2024-12-08
50595,2,1010,9,25.0,225.0,2024-08-08
50596,1,1014,3,35.0,105.0,2024-08-30
50597,4,1010,3,25.0,75.0,2024-03-07
50598,2,1001,4,450.0,1800.0,2024-12-26
50599,3,1013,4,120.0,480.0,2024-03-22
50600,3,1012,9,40.0,360.0,2024-05-23
50601,2,1002,9,35.0,315.0,2024-04-20
50602,3,1001,2,450.0,900.0,2024-06-09
50603,1,1004,5,180.0,900.0,2024-07-12
50604,5,1003,4,55.0,220.0,2024-12-10
50605,1,1003,4,55.0,220.0,2024-11-08
50606,3,1005,8,185.0,1480.0,2024-02-18
50607,3,1007,7,45.0,315.0,2024-10-28
50608,5,1013,5,120.0,600.0,2024-06-03
50609,4,1003,1,55.0,55.0,2024-08-11
50610,1,1004,1,180.0,180.0,2024-05-05
50611,5,1010,10,25.0,250.0,2024-10-20
50612,1,1001,10,450.0,4500.0,2024-01-14
50613,3,1008,5,65.0,325.0,2024-05-15
50614,1,1005,7,185.0,1295.0,2024-05-22
50615,2,1008,7,65.0,455.0,2024-05-10
50616,1,1009,1,85.0,85.0,2024-07-12
50617,2,1006,5,120.0,600.0,2024-11-30
50618,1,1014,1,35.0,35.0,2024-05-10
50619,3,1005,6,185.0,1110.0,2024-06-30
50620,5,1011,1,30.0,30.0,2024-11-05
50621,5,1001,3,450.0,1350.0,2024-07-11
50622,5,1012,4,40.0,160.0,2024-01-01
50623,5,1014,9,35.0,315.0,2024-01-23
50624,3,1003,6,55.0,330.0,2024-05-28
50625,3,1011,4,30.0,120.0,2024-09-02
50626,2,1012,5,40.0,200.0,2024-02-26
50627,1,1006,3,120.0,360.0,2024-01-01
50628,1,1002,1,35.0,35.0,2024-08-31
50629,4,1004,2,180.0,360.0,2024-11-14
50630,4,1006,8,120.0,960.0,2024-09-26
50631,3,1010,3,25.0,75.0,2024-12-29
50632,5,1006,2,120.0,240.0,2024-07-25
50633,4,1013,5,120.0,600.0,2024-08-17
50634,4,1007,10,45.0,450.0,2024-10-19
50635,5,1003,10,55.0,550.0,2024-11-23
50636,2,1003,7,55.0,385.0,2024-07-15
50637,1,1004,1,180.0,180.0,2024-05-07
50638,5,1012,5,40.0,200.0,2024-07-12
50639,3,1003,3,55.0,165.0,2024-01-02
50640,4,1006,1,120.0,120.0,2024-07-28
50641,5,1012,2,40.0,80.0,2024-01-23
50642,1,1011,1,30.0,30.0,2024-09-08
50643,3,1006,9,120.0,1080.0,2024-08-03
50644,4,1005,1,185.0,185.0,2024-07-28
50645,3,1010,9,25.0,225.0,2024-11-18
50646,5,1007,8,45.0,360.0,2024-12-23
50647,4,1001,9,450.0,4050.0,2024-12-30
50648,3,1009,1,85.0,85.0,2024-09-19
50649,1,1002,6,35.0,210.0,2024-03-30
50650,3,1005,8,185.0,1480.0,2024-02-12
50651,2,1008,10,65.0,650.0,2024-02-14
50652,1,1004,3,180.0,540.0,2024-05-01
50653,2,1014,7,35.0,245.0,2024-07-27
50654,4,1009,4,85.0,340.0,2024-11-28
50655,4,1012,4,40.0,160.0,2024-03-03
50656,1,1012,8,40.0,320.0,2024-11-16
50657,2,1001,10,450.0,4500.0,2024-03-15
50658,5,1005,2,185.0,370.0,2024-09-02
50659,2,1003,9,55.0,495.0,2024-02-20
50660,4,1014,8,35.0,280.0,2024-10-13
50661,2,1005,1,185.0,185.0,2024-01-29
50662,1,1002,10,35.0,350.0,2024-07-08
50663,2,1014,9,35.0,315.0,2024-10-05
50664,2,1008,10,65.0,650.0,2024-11-17
50665,3,1011,7,30.0,210.0,2024-03-24
50666,4,1001,3,450.0,1350.0,2024-10-07
50667,1,1014,5,35.0,175.0,2024-02-26
50668,1,1012,3,40.0,120.0,2024-04-14
50669,1,1008,2,65.0,130.0,2024-08-29
50670,4,1010,3,25.0,75.0,2024-02-08
50671,2,1006,9,120.0,1080.0,2024-03-31
50672,1,1010,4,25.0,100.0,2024-01-22
50673,3,1005,8,185.0,1480.0,2024-03-06
50674,3,1014,8,35.0,280.0,2024-03-03
50675,2,1001,5,450.0,2250.0,2024-12-26
50676,4,1008,10,65.0,650.0,2024-10-08
50677,4,1013,3,120.0,360.0,2024-12-14
50678,3,1014,9,35.0,315.0,2024-10-15
50679,2,1007,10,45.0,450.0,2024-02-05
50680,2,1003,8,55.0,440.0,2024-03-13
50681,5,1003,10,55.0,550.0,2024-09-20
50682,2,1013,7,120.0,840.0,2024-03-26
50683,2,1007,4,45.0,180.0,2024-12-25
50684,5,1001,4,450.0,1800.0,2024-04-18
50685,5,1006,6,120.0,720.0,2024-01-21
50686,4,1001,7,450.0,3150.0,2024-11-09
50687,3,1009,4,85.0,340.0,2024-06-24
50688,3,1007,2,45.0,90.0,2024-10-16
50689,1,1010,7,25.0,175.0,2024-07-01
50690,1,1007,9,45.0,405.0,2024-01-07
50691,5,1009,7,85.0,595.0,2024-04-26
50692,5,1014,4,35.0,140.0,2024-01-05
50693,4,1003,5,55.0,275.0,2024-08-24
50694,2,1008,10,65.0,650.0,2024-02-07
50695,3,1007,1,45.0,45.0,2024-01-07
50696,1,1001,1,450.0,450.0,2024-09-12
50697,2,1004,6,180.0,1080.0,2024-01-15
50698,1,1007,7,45.0,315.0,2024-03-29
50699,4,1002,2,35.0,70.0,2024-05-01
50700,4,1013,2,120.0,240.0,2024-10-11
50701,3,1013,1,120.0,120.0,2024-02-19
50702,5,1007,10,45.0,450.0,2024-12-03
50703,1,1013,4,120.0,480.0,2024-08-16
50704,4,1012,9,40.0,360.0,2024-01-13
50705,2,1008,4,65.0,260.0,2024-08-29
50706,3,1006,9,120.0,1080.0,2024-02-21
50707,4,1005,8,185.0,1480.0,2024-08-12
50708,1,1011,3,30.0,90.0,2024-04-15
50709,2,1007,9,45.0,405.0,2024-12-01
50710,5,1013,6,120.0,720.0,2024-05-02
50711,2,1007,5,45.0,225.0,2024-12-18
50712,5,1007,1,45.0,45.0,2024-04-12
50713,1,1003,3,55.0,165.0,2024-11-03
50714,4,1007,4,45.0,180.0,2024-07-01
50715,2,1010,10,25.0,250.0,2024-10-20
50716,1,1011,9,30.0,270.0,2024-04-02
50717,2,1011,10,30.0,300.0,2024-09-21
50718,4,1011,9,30.0,270.0,2024-05-02
50719,2,1004,6,180.0,1080.0,2024-08-30
50720,2,1004,9,180.0,1620.0,2024-01-10
50721,1,1005,7,185.0,1295.0,2024-05-27
50722,1,1003,7,55.0,385.0,2024-11-23
50723,5,1001,10,450.0,4500.0,2024-06-06
50724,5,1007,2,45.0,90.0,2024-11-20
50725,4,1005,2,185.0,370.0,2024-04-03
50726,5,1011,3,30.0,90.0,2024-08-03
50727,5,1014,8,35.0,280.0,2024-02-26
50728,4,1001,8,450.0,3600.0,2024-02-24
50729,2,1012,8,40.0,320.0,2024-06-09
50730,3,1011,5,30.0,150.0,2024-05-12
50731,2,1009,2,85.0,170.0,2024-06-05
50732,4,1001,6,450.0,2700.0,2024-06-19
50733,1,1014,7,35.0,245.0,2024-01-05
50734,1,1008,5,65.0,325.0,2024-03-30
50735,1,1005,2,185.0,370.0,2024-07-27
50736,4,1012,8,40.0,320.0,2024-11-22
50737,2,1008,2,65.0,130.0,2024-09-20
50738,3,1008,9,65.0,585.0,2024-08-22
50739,2,1014,4,35.0,140.0,2024-08-28
50740,2,1010,5,25.0,125.0,2024-04-02
50741,1,1014,2,35.0,70.0,2024-11-01
50742,4,1007,2,45.0,90.0,2024-02-17
50743,1,1004,3,180.0,540.0,2024-03-01
50744,4,1006,7,120.0,840.0,2024-10-03
50745,2,1013,2,120.0,240.0,2024-07-22
50746,2,1014,8,35.0,280.0,2024-07-11
50747,1,1008,5,65.0,325.0,2024-03-21
50748,1,1005,9,185.0,1665.0,2024-07-10
50749,5,1010,5,25.0,125.0,2024-11-26
50750,2,1005,1,185.0,185.0,2024-04-07
50751,5,1010,6,25.0,150.0,2024-09-19
50752,4,1008,10,65.0,650.0,2024-11-15
50753,3,1004,6,180.0,1080.0,2024-02-17
50754,4,1005,2,185.0,370.0,2024-03-08
50755,5,1005,6,185.0,1110.0,2024-02-05
50756,2,1004,8,180.0,1440.0,2024-01-15
50757,3,1001,10,450.0,4500.0,2024-12-05
50758,3,1007,6,45.0,270.0,2024-01-20
50759,4,1012,8,40.0,320.0,2024-08-03
50760,4,1004,6,180.0,1080.0,2024-06-21
50761,1,1005,3,185.0,555.0,2024-03-11
50762,5,1005,3,185.0,555.0,2024-06-23
50763,1,1007,7,45.0,315.0,2024-06-09
50764,1,1010,6,25.0,150.0,2024-12-11
50765,2,1006,9,120.0,1080.0,2024-01-04
50766,5,1004,4,180.0,720.0,2024-05-14
50767,4,1004,5,180.0,900.0,2024-05-02
50768,1,1006,3,120.0,360.0,2024-05-05
50769,3,1002,3,35.0,105.0,2024-03-15
50770,5,1003,1,55.0,55.0,2024-03-18
50771,1,1014,4,35.0,140.0,2024-09-26
50772,2,1009,9,85.0,765.0,2024-08-15
50773,3,1003,5,55.0,275.0,2024-09-12
50774,3,1012,1,40.0,40.0,2024-11-20
50775,3,1012,3,40.0,120.0,2024-06-24
50776,5,1009,4,85.0,340.0,2024-10-17
50777,4,1007,7,45.0,315.0,2024-07-10
50778,2,1005,1,185.0,185.0,2024-10-22
50779,2,1005,1,185.0,185.0,2024-03-24
50780,5,1006,5,120.0,600.0,2024-02-23
50781,5,1002,7,35.0,245.0,2024-09-17
50782,4,1014,5,35.0,175.0,2024-07-21
50783,4,1008,3,65.0,195.0,2024-01-29
50784,4,1013,8,120.0,960.0,2024-01-17
50785,2,1012,2,40.0,80.0,2024-02-20
50786,5,1008,10,65.0,650.0,2024-02-12
50787,4,1004,6,180.0,1080.0,2024-02-02
50788,2,1008,4,65.0,260.0,2024-12-16
50789,5,1007,10,45.0,450.0,2024-10-08
50790,2,1002,8,35.0,280.0,2024-10-30
50791,5,1001,1,450.0,450.0,2024-03-27
50792,2,1005,2,185.0,370.0,2024-02-19
50793,2,1010,1,25.0,25.0,2024-10-09
50794,4,1008,3,65.0,195.0,2024-02-15
50795,3,1004,9,180.0,1620.0,2024-05-12
50796,3,1007,3,45.0,135.0,2024-05-07
50797,4,1003,1,55.0,55.0,2024-03-11
50798,1,1012,4,40.0,160.0,2024-12-12
50799,3,1003,2,55.0,110.0,2024-04-06
50800,2,1005,3,185.0,555.0,2024-05-22
50801,3,1006,7,120.0,840.0,2024-05-20
50802,5,1010,8,25.0,200.0,2024-02-17
50803,2,1012,10,40.0,400.0,2024-06-01
50804,3,1005,5,185.0,925.0,2024-08-19
50805,3,1009,8,85.0,680.0,2024-06-17
50806,2,1007,2,45.0,90.0,2024-05-11
50807,1,1004,1,180.0,180.0,2024-06-27
50808,1,1007,8,45.0,360.0,2024-06-25
50809,3,1007,1,45.0,45.0,2024-11-25
50810,1,1008,5,65.0,325.0,2024-05-03
50811,5,1013,2,120.0,240.0,2024-03-15
50812,5,1001,7,450.0,3150.0,2024-09-24
50813,5,1006,10,120.0,1200.0,2024-10-27
50814,5,1010,1,25.0,25.0,2024-09-15
50815,1,1009,5,85.0,425.0,2024-12-23
50816,4,1011,1,30.0,30.0,2024-11-14
50817,2,1013,5,120.0,600.0,2024-04-18
50818,5,1008,5,65.0,325.0,2024-04-04
50819,2,1007,7,45.0,315.0,2024-02-11
50820,3,1004,10,180.0,1800.0,2024-07-16
50821,3,1001,5,450.0,2250.0,2024-04-29
50822,1,1002,9,35.0,315.0,2024-01-22
50823,4,1005,6,185.0,1110.0,2024-11-24
50824,2,1011,9,30.0,270.0,2024-08-15
50825,2,1005,8,185.0,1480.0,2024-05-28
50826,4,1009,7,85.0,595.0,2024-12-09
50827,4,1010,3,25.0,75.0,2024-06-10
50828,4,1013,2,120.0,240.0,2024-11-18
50829,1,1012,8,40.0,320.0,2024-05-29
50830,1,1002,9,35.0,315.0,2024-08-24
50831,1,1003,3,55.0,165.0,2024-02-02
50832,2,1013,1,120.0,120.0,2024-11-24
50833,5,1007,5,45.0,225.0,2024-01-10
50834,5,1008,4,65.0,260.0,2024-10-13
50835,1,1004,4,180.0,720.0,2024-01-02
50836,4,1006,6,120.0,720.0,2024-11-10
50837,2,1010,5,25.0,125.0,2024-07-21
50838,3,1002,1,35.0,35.0,2024-02-25
50839,4,1007,3,45.0,135.0,2024-07-02
50840,2,1001,10,450.0,4500.0,2024-02-07
50841,3,1010,1,25.0,25.0,2024-04-03
50842,2,1012,10,40.0,400.0,2024-02-21
50843,3,1014,6,35.0,210.0,2024-04-17
50844,2,1011,3,30.0,90.0,2024-05-07
50845,5,1002,1,35.0,35.0,2024-11-20
50846,1,1008,6,65.0,390.0,2024-09-30
50847,1,1009,8,85.0,680.0,2024-10-20
50848,5,1006,10,120.0,1200.0,2024-08-16
50849,1,1008,1,65.0,65.0,2024-05-03
50850,3,1006,8,120.0,960.0,2024-01-06
50851,2,1005,8,185.0,1480.0,2024-08-09
50852,5,1014,9,35.0,315.0,2024-08-17
50853,4,1007,3,45.0,135.0,2024-10-20
50854,5,1013,6,120.0,720.0,2024-11-02
50855,3,1004,8,180.0,1440.0,2024-12-15
50856,5,1003,9,55.0,495.0,2024-11-02
50857,4,1010,2,25.0,50.0,2024-10-06
50858,2,1005,9,185.0,1665.0,2024-01-20
50859,5,1010,8,25.0,200.0,2024-09-15
50860,5,1006,6,120.0,720.0,2024-11-26
50861,2,1006,3,120.0,360.0,2024-02-04
50862,4,1011,2,30.0,60.0,2024-07-18
50863,3,1006,3,120.0,360.0,2024-09-14
50864,3,1012,10,40.0,400.0,2024-12-04
50865,2,1009,10,85.0,850.0,2024-06-12
50866,4,1007,1,45.0,45.0,2024-01-10
50867,1,1005,6,185.0,1110.0,2024-05-01
50868,2,1001,2,450.0,900.0,2024-10-26
50869,5,1002,3,35.0,105.0,2024-06-03
50870,4,1012,10,40.0,400.0,2024-08-03
50871,1,1008,10,65.0,650.0,2024-08-03
50872,2,1004,10,180.0,1800.0,2024-08-11
50873,3,1004,6,180.0,1080.0,2024-02-07
50874,1,1005,1,185.0,185.0,2024-02-19
50875,1,1011,7,30.0,210.0,2024-10-25
50876,5,1012,10,40.0,400.0,2024-11-19
50877,4,1009,7,85.0,595.0,2024-11-08
50878,2,1002,9,35.0,315.0,2024-12-11
50879,5,1004,9,180.0,1620.0,2024-03-22
50880,4,1003,1,55.0,55.0,2024-10-07
50881,5,1009,7,85.0,595.0,2024-11-03
50882,4,1011,8,30.0,240.0,2024-06-11
50883,3,1006,4,120.0,480.0,2024-09-18
50884,1,1011,3,30.0,90.0,2024-06-15
50885,1,1002,1,35.0,35.0,2024-10-05
50886,4,1007,2,45.0,90.0,2024-06-29
50887,5,1006,10,120.0,1200.0,2024-06-26
50888,4,1008,10,65.0,650.0,2024-06-28
50889,2,1005,1,185.0,185.0,2024-11-29
50890,1,1009,9,85.0,765.0,2024-05-05
50891,4,1007,3,45.0,135.0,2024-01-27
50892,5,1004,4,180.0,720.0,2024-12-06
50893,3,1010,9,25.0,225.0,2024-11-17
50894,4,1006,8,120.0,960.0,2024-11-01
50895,1,1013,6,120.0,720.0,2024-07-04
50896,5,1010,4,25.0,100.0,2024-08-15
50897,4,1002,4,35.0,140.0,2024-07-09
50898,1,1011,3,30.0,90.0,2024-09-10
50899,2,1003,6,55.0,330.0,2024-12-06
50900,5,1007,1,45.0,45.0,2024-01-13
50901,5,1002,3,35.0,105.0,2024-04-14
50902,5,1002,6,35.0,210.0,2024-01-24
50903,4,1013,8,120.0,960.0,2024-06-28
50904,5,1014,3,35.0,105.0,2024-05-31
50905,3,1014,4,35.0,140.0,2024-10-02
50906,4,1009,9,85.0,765.0,2024-11-17
50907,5,1010,9,25.0,225.0,2024-01-14
50908,2,1012,4,40.0,160.0,2024-11-16
50909,4,1006,4,120.0,480.0,2024-07-12
50910,5,1009,8,85.0,680.0,2024-08-08
50911,1,1013,4,120.0,480.0,2024-07-29
50912,5,1004,8,180.0,1440.0,2024-12-26
50913,1,1001,6,450.0,2700.0,2024-10-14
50914,1,1010,10,25.0,250.0,2024-10-05
50915,2,1006,6,120.0,720.0,2024-02-12
50916,1,1007,10,45.0,450.0,2024-04-07
50917,2,1003,8,55.0,440.0,2024-10-03
50918,1,1008,8,65.0,520.0,2024-01-06
50919,2,1007,9,45.0,405.0,2024-07-20
50920,4,1005,8,185.0,1480.0,2024-07-02
50921,5,1003,9,55.0,495.0,2024-10-23
50922,5,1002,10,35.0,350.0,2024-07-31
50923,5,1002,9,35.0,315.0,2024-05-10
50924,3,1002,3,35.0,105.0,2024-07-25
50925,3,1009,7,85.0,595.0,2024-02-11
50926,5,1010,4,25.0,100.0,2024-02-05
50927,3,1002,8,35.0,280.0,2024-09-16
50928,2,1009,4,85.0,340.0,2024-05-08
50929,1,1006,6,120.0,720.0,2024-08-24
50930,1,1010,2,25.0,50.0,2024-02-22
50931,4,1008,9,65.0,585.0,2024-02-26
50932,1,1004,9,180.0,1620.0,2024-05-21
50933,2,1001,5,450.0,2250.0,2024-03-23
50934,2,1012,10,40.0,400.0,2024-06-08
50935,4,1007,3,45.0,135.0,2024-05-21
50936,2,1004,9,180.0,1620.0,2024-03-24
50937,1,1009,2,85.0,170.0,2024-07-11
50938,1,1004,5,180.0,900.0,2024-07-31
50939,3,1006,1,120.0,120.0,2024-07-21
50940,2,1011,9,30.0,270.0,2024-03-02
50941,3,1003,6,55.0,330.0,2024-03-11
50942,2,1006,8,120.0,960.0,2024-12-03
50943,2,1002,2,35.0,70.0,2024-06-20
50944,1,1002,5,35.0,175.0,2024-06-17
50945,4,1002,4,35.0,140.0,2024-09-02
50946,1,1010,7,25.0,175.0,2024-08-09
50947,5,1014,10,35.0,350.0,2024-10-21
50948,1,1004,6,180.0,1080.0,2024-03-21
50949,4,1006,8,120.0,960.0,2024-06-07
50950,4,1008,3,65.0,195.0,2024-11-09
50951,2,1001,9,450.0,4050.0,2024-06-22
50952,3,1009,6,85.0,510.0,2024-08-11
50953,5,1009,1,85.0,85.0,2024-01-06
50954,5,1007,7,45.0,315.0,2024-12-16
50955,2,1002,5,35.0,175.0,2024-03-13
50956,1,1006,7,120.0,840.0,2024-05-25
50957,2,1003,5,55.0,275.0,2024-03-03
50958,1,1010,7,25.0,175.0,2024-08-03
50959,2,1009,10,85.0,850.0,2024-07-08
50960,1,1003,9,55.0,495.0,2024-02-16
50961,4,1008,2,65.0,130.0,2024-03-17
50962,1,1014,3,35.0,105.0,2024-10-25
50963,3,1004,9,180.0,1620.0,2024-10-02
50964,3,1006,6,120.0,720.0,2024-01-09
50965,4,1011,3,30.0,90.0,2024-06-10
50966,3,1013,1,120.0,120.0,2024-02-14
50967,2,1005,1,185.0,185.0,2024-09-29
50968,4,1012,7,40.0,280.0,2024-07-01
50969,2,1002,7,35.0,245.0,2024-08-21
50970,3,1006,1,120.0,120.0,2024-12-05
50971,5,1008,4,65.0,260.0,2024-11-19
50972,5,1012,7,40.0,280.0,2024-06-19
50973,5,1011,2,30.0,60.0,2024-12-21
50974,4,1004,4,180.0,720.0,2024-11-28
50975,1,1013,8,120.0,960.0,2024-07-23
50976,1,1003,9,55.0,495.0,2024-09-26
50977,4,1004,6,180.0,1080.0,2024-01-13
50978,4,1007,6,45.0,270.0,2024-12-27
50979,4,1011,3,30.0,90.0,2024-01-02
50980,1,1011,6,30.0,180.0,2024-10-05
50981,5,1009,10,85.0,850.0,2024-07-05
50982,1,1008,7,65.0,455.0,2024-10-24
50983,3,1011,9,30.0,270.0,2024-08-04
50984,2,1002,9,35.0,315.0,2024-04-01
50985,3,1002,8,35.0,280.0,2024-03-01
50986,3,1011,10,30.0,300.0,2024-06-20
50987,5,1014,5,35.0,175.0,2024-07-31
50988,1,1014,4,35.0,140.0,2024-10-24
50989,3,1003,5,55.0,275.0,2024-07-01
50990,3,1006,9,120.0,1080.0,2024-08-13
50991,5,1010,5,25.0,125.0,2024-07-27
50992,4,1004,3,180.0,540.0,2024-03-16
50993,5,1011,3,30.0,90.0,2024-06-09
50994,1,1011,5,30.0,150.0,2024-07-02
50995,2,1014,8,35.0,280.0,2024-02-28
50996,3,1006,8,120.0,960.0,2024-07-24
50997,3,1004,4,180.0,720.0,2024-06-06
50998,1,1004,9,180.0,1620.0,2024-06-23
50999,2,1006,10,120.0,1200.0,2024-03-14
51000,2,1002,8,35.0,280.0,2024-08-14
61000,2,1002,8,35.0,280.0,2024-08-14
51001,4,1011,9,30.0,270.0,2024-07-04
51002,4,1003,2,55.0,110.0,2024-08-27
51003,1,1001,9,450.0,4050.0,2024-09-07
51004,1,1013,1,120.0,120.0,2024-06-30
51005,3,1004,1,180.0,180.0,2024-06-26
51006,4,1009,3,85.0,255.0,2024-06-26
51007,2,1007,1,45.0,45.0,2024-01-14
51008,4,1010,9,25.0,225.0,2024-07-03
51009,4,1014,9,35.0,315.0,2024-11-14
51010,2,1005,6,185.0,1110.0,2024-09-24
51011,1,1004,10,180.0,1800.0,2024-02-23
51012,2,1001,3,450.0,1350.0,2024-09-15
51013,5,1014,6,35.0,210.0,2024-07-22
51014,5,1011,1,30.0,30.0,2024-10-27
51015,1,1001,3,450.0,1350.0,2024-08-12
51016,1,1008,8,65.0,520.0,2024-01-01
51017,1,1009,4,85.0,340.0,2024-06-11
51018,5,1013,6,120.0,720.0,2024-01-08
51019,2,1002,5,35.0,175.0,2024-05-22
51020,3,1006,9,120.0,1080.0,2024-03-23
51021,1,1014,2,35.0,70.0,2024-09-19
51022,4,1009,4,85.0,340.0,2024-03-16
51023,1,1012,3,40.0,120.0,2024-10-23
51024,3,1009,5,85.0,425.0,2024-07-29
51025,1,1004,6,180.0,1080.0,2024-08-09
51026,1,1014,8,35.0,280.0,2024-07-17
51027,3,1007,7,45.0,315.0,2024-08-20
51028,1,1008,7,65.0,455.0,2024-04-10
51029,1,1014,10,35.0,350.0,2024-08-19
51030,2,1007,9,45.0,405.0,2024-03-03
51031,1,1004,10,180.0,1800.0,2024-07-06
51032,3,1009,1,85.0,85.0,2024-12-01
51033,1,1011,5,30.0,150.0,2024-08-18
51034,5,1002,4,35.0,140.0,2024-03-08
51035,1,1009,1,85.0,85.0,2024-08-26
51036,5,1008,1,65.0,65.0,2024-02-03
51037,5,1001,2,450.0,900.0,2024-10-24
51038,2,1014,3,35.0,105.0,2024-06-19
51039,2,1013,1,120.0,120.0,2024-11-03
51040,2,1011,6,30.0,180.0,2024-05-01
51041,5,1006,9,120.0,1080.0,2024-05-12
51042,1,1002,9,35.0,315.0,2024-09-19
51043,2,1002,5,35.0,175.0,2024-03-29
51044,3,1001,6,450.0,2700.0,2024-04-04
51045,4,1001,8,450.0,3600.0,2024-03-16
51046,4,1003,4,55.0,220.0,2024-10-21
51047,1,1010,10,25.0,250.0,2024-09-04
51048,3,1007,3,45.0,135.0,2024-03-29
51049,3,1007,7,45.0,315.0,2024-03-09
51050,1,1010,5,25.0,125.0,2024-09-11
51051,4,1004,4,180.0,720.0,2024-03-30
51052,2,1011,1,30.0,30.0,2024-10-30
51053,2,1010,1,25.0,25.0,2024-10-20
51054,5,1006,6,120.0,720.0,2024-03-24
51055,3,1003,1,55.0,55.0,2024-06-02
51056,5,1001,5,450.0,2250.0,2024-07-10
51057,5,1002,1,35.0,35.0,2024-06-11
51058,4,1002,8,35.0,280.0,2024-11-10
51059,3,1010,7,25.0,175.0,2024-01-10
51060,4,1007,3,45.0,135.0,2024-06-21
51061,2,1012,6,40.0,240.0,2024-07-21
51062,4,1008,3,65.0,195.0,2024-08-18
51063,1,1013,5,120.0,600.0,2024-10-07
51064,2,1002,10,35.0,350.0,2024-05-23
51065,3,1005,10,185.0,1850.0,2024-09-07
51066,2,1011,1,30.0,30.0,2024-03-22
51067,3,1006,6,120.0,720.0,2024-05-07
51068,5,1008,3,65.0,195.0,2024-07-05
51069,1,1002,7,35.0,245.0,2024-06-04
51070,4,1004,1,180.0,180.0,2024-02-07
51071,1,1007,3,45.0,135.0,2024-09-07
51072,5,1013,6,120.0,720.0,2024-01-27
51073,4,1006,10,120.0,1200.0,2024-08-09
51074,2,1014,8,35.0,280.0,2024-08-21
51075,1,1007,7,45.0,315.0,2024-01-13
51076,5,1002,4,35.0,140.0,2024-08-24
51077,5,1011,6,30.0,180.0,2024-01-18
51078,1,1013,6,120.0,720.0,2024-03-27
51079,3,1010,5,25.0,125.0,2024-11-29
51080,4,1002,5,35.0,175.0,2024-01-03
51081,5,1002,4,35.0,140.0,2024-05-22
51082,1,1004,8,180.0,1440.0,2024-05-24
51083,3,1010,4,25.0,100.0,2024-08-09
51084,3,1014,1,35.0,35.0,2024-03-18
51085,5,1001,4,450.0,1800.0,2024-11-04
51086,3,1004,3,180.0,540.0,2024-03-23
51087,3,1005,7,185.0,1295.0,2024-01-24
51088,5,1013,5,120.0,600.0,2024-11-26
51089,4,1011,6,30.0,180.0,2024-06-17
51090,1,1008,2,65.0,130.0,2024-12-02
51091,3,1001,1,450.0,450.0,2024-05-27
51092,4,1011,4,30.0,120.0,2024-09-24
51093,4,1001,8,450.0,3600.0,2024-02-08
51094,2,1013,8,120.0,960.0,2024-05-20
51095,3,1004,2,180.0,360.0,2024-05-16
51096,1,1008,6,65.0,390.0,2024-04-19
51097,2,1010,5,25.0,125.0,2024-05-15
51098,1,1012,2,40.0,80.0,2024-06-20
51099,1,1009,1,85.0,85.0,2024-03-29
51100,2,1010,5,25.0,125.0,2024-06-20
51101,2,1010,7,25.0,175.0,2024-10-23
51102,5,1003,3,55.0,165.0,2024-06-26
51103,5,1014,8,35.0,280.0,2024-07-15
51104,1,1009,7,85.0,595.0,2024-08-18
51105,3,1009,6,85.0,510.0,2024-07-17
51106,4,1002,7,35.0,245.0,2024-09-07
51107,3,1008,8,65.0,520.0,2024-05-05
51108,3,1007,2,45.0,90.0,2024-12-11
51109,1,1004,6,180.0,1080.0,2024-10-23
51110,1,1005,4,185.0,740.0,2024-01-21
51111,4,1001,9,450.0,4050.0,2024-09-17
51112,5,1007,5,45.0,225.0,2024-06-20
51113,3,1001,7,450.0,3150.0,2024-07-12
51114,4,1010,9,25.0,225.0,2024-06-10
51115,2,1013,5,120.0,600.0,2024-01-30
51116,2,1006,5,120.0,600.0,2024-04-14
51117,2,1014,7,35.0,245.0,2024-04-02
51118,3,1014,1,35.0,35.0,2024-10-17
51119,4,1009,7,85.0,595.0,2024-07-31
51120,1,1014,3,35.0,105.0,2024-09-24
51121,3,1004,8,180.0,1440.0,2024-05-17
51122,5,1006,2,120.0,240.0,2024-05-21
51123,4,1009,1,85.0,85.0,2024-08-06
51124,4,1005,8,185.0,1480.0,2024-03-12
51125,5,1014,9,35.0,315.0,2024-02-04
51126,1,1014,3,35.0,105.0,2024-05-24
51127,5,1002,9,35.0,315.0,2024-11-29
51128,2,1004,8,180.0,1440.0,2024-07-02
51129,2,1006,1,120.0,120.0,2024-03-05
51130,2,1008,7,65.0,455.0,2024-05-09
51131,5,1004,5,180.0,900.0,2024-06-05
51132,4,1001,2,450.0,900.0,2024-01-01
51133,5,1008,6,65.0,390.0,2024-04-14
51134,1,1007,8,45.0,360.0,2024-03-07
51135,5,1007,10,45.0,450.0,2024-11-11
51136,3,1002,2,35.0,70.0,2024-10-21
51137,1,1006,2,120.0,240.0,2024-06-26
51138,4,1007,8,45.0,360.0,2024-06-09
51139,1,1003,9,55.0,495.0,2024-04-18
51140,4,1008,6,65.0,390.0,2024-05-08
51141,5,1003,10,55.0,550.0,2024-12-23
51142,3,1002,4,35.0,140.0,2024-03-02
51143,1,1001,2,450.0,900.0,2024-10-05
51144,2,1012,3,40.0,120.0,2024-06-30
51145,2,1008,10,65.0,650.0,2024-06-30
51146,5,1002,2,35.0,70.0,2024-09-18
51147,1,1004,3,180.0,540.0,2024-04-03
51148,3,1008,9,65.0,585.0,2024-07-31
51149,3,1011,6,30.0,180.0,2024-01-26
51150,2,1009,1,85.0,85.0,2024-04-09
51151,4,1001,3,450.0,1350.0,2024-05-21
51152,2,1012,6,40.0,240.0,2024-07-25
51153,3,1013,9,120.0,1080.0,2024-05-17
51154,4,1008,7,65.0,455.0,2024-11-11
51155,5,1011,2,30.0,60.0,2024-11-01
51156,4,1004,6,180.0,1080.0,2024-02-13
51157,3,1003,3,55.0,165.0,2024-05-04
51158,5,1006,4,120.0,480.0,2024-08-26
51159,2,1006,4,120.0,480.0,2024-04-06
51160,2,1004,7,180.0,1260.0,2024-02-18
51161,1,1006,2,120.0,240.0,2024-06-06
51162,1,1010,9,25.0,225.0,2024-01-29
51163,2,1011,7,30.0,210.0,2024-07-01
51164,2,1004,4,180.0,720.0,2024-06-21
51165,2,1012,8,40.0,320.0,2024-01-07
51166,5,1012,9,40.0,360.0,2024-02-07
51167,4,1007,3,45.0,135.0,2024-07-11
51168,2,1009,3,85.0,255.0,2024-12-30
51169,3,1013,3,120.0,360.0,2024-06-05
51170,1,1013,9,120.0,1080.0,2024-12-06
51171,3,1014,7,35.0,245.0,2024-03-14
51172,5,1006,5,120.0,600.0,2024-10-29
51173,3,1007,4,45.0,180.0,2024-07-15
51174,5,1012,8,40.0,320.0,2024-04-07
51175,1,1005,7,185.0,1295.0,2024-04-19
51176,2,1001,7,450.0,3150.0,2024-12-23
51177,5,1005,10,185.0,1850.0,2024-05-26
51178,4,1006,9,120.0,1080.0,2024-07-11
51179,2,1001,8,450.0,3600.0,2024-02-09
51180,5,1002,3,35.0,105.0,2024-01-27
51181,2,1012,1,40.0,40.0,2024-11-15
51182,2,1014,9,35.0,315.0,2024-02-12
51183,4,1010,1,25.0,25.0,2024-07-09
51184,1,1006,6,120.0,720.0,2024-08-09
51185,3,1006,5,120.0,600.0,2024-03-18
51186,3,1004,3,180.0,540.0,2024-11-12
51187,1,1013,3,120.0,360.0,2024-08-25
51188,4,1010,6,25.0,150.0,2024-02-20
51189,3,1014,9,35.0,315.0,2024-03-28
51190,2,1012,8,40.0,320.0,2024-10-24
51191,4,1012,7,40.0,280.0,2024-05-31
51192,3,1011,1,30.0,30.0,2024-03-16
51193,5,1010,6,25.0,150.0,2024-05-08
51194,4,1008,7,65.0,455.0,2024-12-16
51195,1,1004,3,180.0,540.0,2024-02-25
51196,5,1004,6,180.0,1080.0,2024-07-28
51197,3,1013,10,120.0,1200.0,2024-03-26
51198,2,1013,10,120.0,1200.0,2024-10-11
51199,2,1004,6,180.0,1080.0,2024-04-09
51200,2,1008,3,65.0,195.0,2024-03-31
51201,2,1004,6,180.0,1080.0,2024-04-17
51202,2,1010,9,25.0,225.0,2024-12-27
51203,4,1006,4,120.0,480.0,2024-06-23
51204,2,1004,2,180.0,360.0,2024-06-20
51205,5,1010,3,25.0,75.0,2024-05-20
51206,1,1007,3,45.0,135.0,2024-02-10
51207,1,1013,1,120.0,120.0,2024-04-07
51208,3,1008,7,65.0,455.0,2024-02-14
51209,5,1011,9,30.0,270.0,2024-03-15
51210,1,1005,6,185.0,1110.0,2024-03-03
51211,2,1011,3,30.0,90.0,2024-12-22
51212,3,1002,6,35.0,210.0,2024-10-05
51213,4,1002,3,35.0,105.0,2024-09-07
51214,5,1010,6,25.0,150.0,2024-06-28
51215,3,1007,5,45.0,225.0,2024-01-06
51216,3,1012,3,40.0,120.0,2024-02-06
51217,3,1006,1,120.0,120.0,2024-03-18
51218,1,1014,6,35.0,210.0,2024-05-24
51219,3,1007,4,45.0,180.0,2024-03-05
51220,1,1008,6,65.0,390.0,2024-01-25
51221,1,1006,4,120.0,480.0,2024-06-06
51222,3,1005,9,185.0,1665.0,2024-04-07
51223,4,1012,4,40.0,160.0,2024-04-26
51224,2,1008,6,65.0,390.0,2024-10-14
51225,2,1011,7,30.0,210.0,2024-10-24
51226,5,1010,7,25.0,175.0,2024-10-22
51227,4,1006,4,120.0,480.0,2024-11-06
51228,1,1004,7,180.0,1260.0,2024-03-14
51229,1,1013,2,120.0,240.0,2024-12-02
51230,3,1007,2,45.0,90.0,2024-06-16
51231,5,1012,6,40.0,240.0,2024-08-02
51232,3,1003,10,55.0,550.0,2024-02-11
51233,2,1001,8,450.0,3600.0,2024-10-29
51234,5,1014,7,35.0,245.0,2024-04-01
51235,3,1009,1,85.0,85.0,2024-01-08
51236,5,1005,5,185.0,925.0,2024-03-14
51237,4,1010,5,25.0,125.0,2024-08-12
51238,4,1003,2,55.0,110.0,2024-03-16
51239,3,1008,4,65.0,260.0,2024-07-08
51240,2,1001,1,450.0,450.0,2024-12-22
51241,3,1004,10,180.0,1800.0,2024-01-30
51242,1,1012,7,40.0,280.0,2024-11-11
51243,5,1002,6,35.0,210.0,2024-07-13
51244,2,1014,3,35.0,105.0,2024-05-02
51245,3,1007,3,45.0,135.0,2024-07-24
51246,2,1014,10,35.0,350.0,2024-09-28
51247,1,1002,10,35.0,350.0,2024-11-13
51248,1,1005,7,185.0,1295.0,2024-09-06
51249,4,1008,3,65.0,195.0,2024-12-25
51250,4,1002,4,35.0,140.0,2024-04-26
51251,1,1001,3,450.0,1350.0,2024-01-07
51252,3,1010,7,25.0,175.0,2024-07-10
51253,4,1003,10,55.0,550.0,2024-09-16
51254,5,1004,7,180.0,1260.0,2024-01-21
51255,5,1004,4,180.0,720.0,2024-02-15
51256,3,1009,7,85.0,595.0,2024-07-31
51257,1,1001,10,450.0,4500.0,2024-12-05
51258,3,1005,4,185.0,740.0,2024-01-04
51259,1,1002,3,35.0,105.0,2024-10-02
51260,5,1012,4,40.0,160.0,2024-08-01
51261,3,1012,8,40.0,320.0,2024-07-02
51262,2,1004,4,180.0,720.0,2024-02-07
51263,4,1013,4,120.0,480.0,2024-08-31
51264,4,1005,8,185.0,1480.0,2024-07-26
51265,5,1011,3,30.0,90.0,2024-10-30
51266,3,1013,9,120.0,1080.0,2024-09-28
51267,5,1005,2,185.0,370.0,2024-04-04
51268,4,1007,8,45.0,360.0,2024-09-05
51269,5,1007,7,45.0,315.0,2024-10-23
51270,4,1008,4,65.0,260.0,2024-06-22
51271,3,1011,2,30.0,60.0,2024-05-05
51272,4,1004,8,180.0,1440.0,2024-09-05
51273,4,1009,8,85.0,680.0,2024-04-01
51274,3,1002,6,35.0,210.0,2024-09-29
51275,4,1012,9,40.0,360.0,2024-05-22
51276,4,1005,8,185.0,1480.0,2024-02-05
51277,4,1010,1,25.0,25.0,2024-04-07
51278,4,1002,6,35.0,210.0,2024-04-03
51279,1,1003,2,55.0,110.0,2024-11-17
51280,2,1007,8,45.0,360.0,2024-02-16
51281,3,1001,3,450.0,1350.0,2024-11-25
51282,4,1003,3,55.0,165.0,2024-11-30
51283,5,1002,9,35.0,315.0,2024-05-23
51284,1,1002,9,35.0,315.0,2024-04-14
51285,2,1010,1,25.0,25.0,2024-05-13
51286,1,1002,1,35.0,35.0,2024-05-10
51287,1,1010,2,25.0,50.0,2024-11-09
51288,4,1002,10,35.0,350.0,2024-02-04
51289,1,1003,9,55.0,495.0,2024-12-05
51290,4,1006,2,120.0,240.0,2024-06-30
51291,1,1012,3,40.0,120.0,2024-08-26
51292,4,1009,9,85.0,765.0,2024-07-11
51293,1,1002,2,35.0,70.0,2024-04-08
51294,1,1001,4,450.0,1800.0,2024-02-26
51295,5,1009,10,85.0,850.0,2024-12-04
51296,3,1011,6,30.0,180.0,2024-07-07
51297,2,1008,9,65.0,585.0,2024-12-04
51298,2,1008,5,65.0,325.0,2024-05-22
51299,5,1003,4,55.0,220.0,2024-01-09
51300,2,1004,2,180.0,360.0,2024-01-21
51301,4,1012,3,40.0,120.0,2024-12-22
51302,1,1003,9,55.0,495.0,2024-03-04
51303,2,1011,9,30.0,270.0,2024-04-12
51304,1,1009,6,85.0,510.0,2024-10-03
51305,5,1010,4,25.0,100.0,2024-02-19
51306,1,1004,5,180.0,900.0,2024-01-31
51307,3,1012,4,40.0,160.0,2024-04-04
51308,4,1012,3,40.0,120.0,2024-12-29
51309,5,1001,4,450.0,1800.0,2024-05-27
51310,5,1007,5,45.0,225.0,2024-11-29
51311,3,1012,9,40.0,360.0,2024-11-16
51312,1,1012,1,40.0,40.0,2024-05-31
51313,3,1007,2,45.0,90.0,2024-04-03
51314,3,1003,8,55.0,440.0,2024-11-10
51315,4,1008,4,65.0,260.0,2024-06-10
51316,5,1001,5,450.0,2250.0,2024-10-06
51317,3,1011,1,30.0,30.0,2024-09-17
51318,3,1008,2,65.0,130.0,2024-06-03
51319,1,1013,8,120.0,960.0,2024-08-07
51320,4,1009,1,85.0,85.0,2024-05-14
51321,2,1011,9,30.0,270.0,2024-09-23
51322,3,1001,10,450.0,4500.0,2024-06-22
51323,5,1010,5,25.0,125.0,2024-01-05
51324,3,1003,10,55.0,550.0,2024-06-29
51325,2,1011,3,30.0,90.0,2024-05-05
51326,1,1001,8,450.0,3600.0,2024-04-05
51327,4,1014,8,35.0,280.0,2024-02-28
51328,4,1003,5,55.0,275.0,2024-10-18
51329,3,1014,9,35.0,315.0,2024-05-22
51330,3,1006,8,120.0,960.0,2024-12-15
51331,2,1001,1,450.0,450.0,2024-05-08
51332,3,1013,5,120.0,600.0,2024-07-24
51333,4,1004,8,180.0,1440.0,2024-06-08
51334,3,1012,6,40.0,240.0,2024-08-18
51335,2,1005,4,185.0,740.0,2024-03-05
51336,2,1002,8,35.0,280.0,2024-09-09
51337,2,1009,9,85.0,765.0,2024-09-15
51338,3,1012,9,40.0,360.0,2024-03-04
51339,1,1001,2,450.0,900.0,2024-12-07
51340,2,1009,5,85.0,425.0,2024-07-09
51341,1,1005,2,185.0,370.0,2024-04-17
51342,1,1008,1,65.0,65.0,2024-04-09
51343,4,1006,1,120.0,120.0,2024-10-26
51344,1,1011,5,30.0,150.0,2024-03-17
51345,1,1010,6,25.0,150.0,2024-10-31
51346,5,1004,7,180.0,1260.0,2024-06-04
51347,3,1005,9,185.0,1665.0,2024-01-22
51348,5,1012,6,40.0,240.0,2024-06-17
51349,5,1014,10,35.0,350.0,2024-01-24
51350,4,1013,5,120.0,600.0,2024-07-27
51351,4,1003,7,55.0,385.0,2024-11-25
51352,3,1009,10,85.0,850.0,2024-08-15
51353,4,1006,3,120.0,360.0,2024-06-18
51354,4,1013,8,120.0,960.0,2024-02-25
51355,5,1006,6,120.0,720.0,2024-06-20
51356,2,1007,2,45.0,90.0,2024-01-06
51357,4,1011,7,30.0,210.0,2024-01-14
51358,2,1007,4,45.0,180.0,2024-01-01
51359,1,1001,10,450.0,4500.0,2024-10-11
51360,5,1011,5,30.0,150.0,2024-09-09
51361,5,1012,7,40.0,280.0,2024-03-26
51362,2,1014,10,35.0,350.0,2024-07-22
51363,3,1013,7,120.0,840.0,2024-06-15
51364,2,1009,3,85.0,255.0,2024-07-31
51365,4,1012,2,40.0,80.0,2024-06-16
51366,3,1007,3,45.0,135.0,2024-07-17
51367,1,1008,8,65.0,520.0,2024-10-13
51368,1,1002,2,35.0,70.0,2024-07-26
51369,1,1007,7,45.0,315.0,2024-01-20
51370,1,1011,9,30.0,270.0,2024-05-01
51371,3,1003,3,55.0,165.0,2024-03-12
51372,5,1005,6,185.0,1110.0,2024-12-08
51373,5,1011,4,30.0,120.0,2024-09-16
51374,5,1001,8,450.0,3600.0,2024-03-09
51375,4,1005,9,185.0,1665.0,2024-04-02
51376,3,1002,2,35.0,70.0,2024-06-07
51377,4,1014,5,35.0,175.0,2024-07-27
51378,4,1012,4,40.0,160.0,2024-12-06
51379,1,1014,6,35.0,210.0,2024-07-31
51380,3,1003,10,55.0,550.0,2024-09-13
51381,4,1012,9,40.0,360.0,2024-05-19
51382,2,1009,3,85.0,255.0,2024-07-04
51383,2,1005,10,185.0,1850.0,2024-01-21
51384,4,1007,1,45.0,45.0,2024-04-26
51385,1,1012,1,40.0,40.0,2024-06-27
51386,1,1012,10,40.0,400.0,2024-11-28
51387,4,1008,4,65.0,260.0,2024-04-09
51388,2,1014,1,35.0,35.0,2024-03-08
51389,4,1009,1,85.0,85.0,2024-03-26
51390,1,1010,5,25.0,125.0,2024-11-11
51391,2,1004,2,180.0,360.0,2024-03-28
51392,1,1005,9,185.0,1665.0,2024-04-19
51393,2,1001,9,450.0,4050.0,2024-08-16
51394,3,1013,6,120.0,720.0,2024-05-16
51395,5,1007,10,45.0,450.0,2024-04-12
51396,1,1004,5,180.0,900.0,2024-06-07
51397,2,1002,4,35.0,140.0,2024-04-16
51398,5,1009,4,85.0,340.0,2024-07-20
51399,3,1001,1,450.0,450.0,2024-10-17
51400,2,1005,6,185.0,1110.0,2024-03-13
51401,4,1007,4,45.0,180.0,2024-02-26
51402,2,1006,5,120.0,600.0,2024-11-09
51403,1,1002,7,35.0,245.0,2024-10-28
51404,4,1001,6,450.0,2700.0,2024-04-17
51405,4,1005,5,185.0,925.0,2024-11-06
51406,4,1012,4,40.0,160.0,2024-06-06
51407,3,1010,8,25.0,200.0,2024-01-27
51408,2,1003,3,55.0,165.0,2024-10-10
51409,5,1009,8,85.0,680.0,2024-06-29
51410,3,1004,6,180.0,1080.0,2024-10-21
51411,1,1012,4,40.0,160.0,2024-07-03
51412,3,1002,6,35.0,210.0,2024-04-27
51413,3,1007,7,45.0,315.0,2024-08-23
51414,2,1003,1,55.0,55.0,2024-12-19
51415,1,1001,2,450.0,900.0,2024-02-14
51416,4,1003,2,55.0,110.0,2024-04-25
51417,5,1006,1,120.0,120.0,2024-12-15
51418,5,1013,4,120.0,480.0,2024-06-19
51419,5,1004,6,180.0,1080.0,2024-09-09
51420,4,1010,7,25.0,175.0,2024-02-21
51421,1,1003,1,55.0,55.0,2024-07-07
51422,5,1003,1,55.0,55.0,2024-03-25
51423,1,1003,9,55.0,495.0,2024-12-29
51424,3,1012,9,40.0,360.0,2024-12-23
51425,2,1010,3,25.0,75.0,2024-09-07
51426,1,1002,7,35.0,245.0,2024-01-02
51427,1,1002,5,35.0,175.0,2024-10-06
51428,3,1009,8,85.0,680.0,2024-02-20
51429,4,1005,7,185.0,1295.0,2024-02-16
51430,2,1013,9,120.0,1080.0,2024-01-06
51431,4,1014,2,35.0,70.0,2024-10-01
51432,4,1002,9,35.0,315.0,2024-03-30
51433,1,1014,3,35.0,105.0,2024-03-08
51434,2,1009,6,85.0,510.0,2024-08-23
51435,5,1002,1,35.0,35.0,2024-01-26
51436,3,1003,2,55.0,110.0,2024-12-04
51437,5,1011,9,30.0,270.0,2024-12-27
51438,4,1010,5,25.0,125.0,2024-09-04
51439,1,1005,5,185.0,925.0,2024-02-13
51440,4,1011,7,30.0,210.0,2024-09-25
51441,2,1005,4,185.0,740.0,2024-05-11
51442,1,1011,5,30.0,150.0,2024-08-26
51443,5,1002,10,35.0,350.0,2024-09-15
51444,3,1010,8,25.0,200.0,2024-12-25
51445,2,1002,1,35.0,35.0,2024-11-04
51446,5,1004,10,180.0,1800.0,2024-12-22
51447,5,1014,6,35.0,210.0,2024-12-04
51448,4,1012,3,40.0,120.0,2024-10-12
51449,1,1003,4,55.0,220.0,2024-02-01
51450,3,1011,1,30.0,30.0,2024-02-16
51451,2,1004,6,180.0,1080.0,2024-09-23
51452,1,1002,9,35.0,315.0,2024-05-25
51453,2,1007,7,45.0,315.0,2024-10-29
51454,4,1008,7,65.0,455.0,2024-07-01
51455,5,1009,9,85.0,765.0,2024-09-28
51456,2,1012,10,40.0,400.0,2024-04-08
51457,2,1010,6,25.0,150.0,2024-12-20
51458,1,1011,7,30.0,210.0,2024-06-11
51459,1,1008,6,65.0,390.0,2024-08-02
51460,4,1007,10,45.0,450.0,2024-05-25
51461,4,1004,8,180.0,1440.0,2024-11-04
51462,4,1001,8,450.0,3600.0,2024-11-29
51463,5,1006,3,120.0,360.0,2024-03-15
51464,1,1001,10,450.0,4500.0,2024-06-12
51465,5,1004,2,180.0,360.0,2024-09-22
51466,5,1004,8,180.0,1440.0,2024-05-18
51467,2,1003,1,55.0,55.0,2024-12-20
51468,1,1010,4,25.0,100.0,2024-11-26
51469,2,1013,4,120.0,480.0,2024-09-26
51470,1,1002,1,35.0,35.0,2024-02-27
51471,1,1011,8,30.0,240.0,2024-05-09
51472,2,1006,4,120.0,480.0,2024-04-08
51473,2,1010,8,25.0,200.0,2024-06-26
51474,5,1006,7,120.0,840.0,2024-06-20
51475,1,1009,9,85.0,765.0,2024-03-19
51476,5,1007,7,45.0,315.0,2024-02-12
51477,2,1008,5,65.0,325.0,2024-08-23
51478,4,1003,5,55.0,275.0,2024-11-16
51479,1,1006,9,120.0,1080.0,2024-04-13
51480,3,1012,6,40.0,240.0,2024-10-03
51481,5,1012,7,40.0,280.0,2024-03-22
51482,2,1006,9,120.0,1080.0,2024-11-19
51483,1,1011,7,30.0,210.0,2024-11-29
51484,5,1001,10,450.0,4500.0,2024-10-08
51485,5,1011,6,30.0,180.0,2024-04-18
51486,4,1008,3,65.0,195.0,2024-12-14
51487,1,1001,10,450.0,4500.0,2024-11-22
51488,3,1003,6,55.0,330.0,2024-04-27
51489,3,1010,2,25.0,50.0,2024-06-02
51490,2,1003,8,55.0,440.0,2024-02-01
51491,5,1011,7,30.0,210.0,2024-10-13
51492,4,1012,4,40.0,160.0,2024-07-22
51493,1,1013,8,120.0,960.0,2024-11-03
51494,1,1001,5,450.0,2250.0,2024-09-27
51495,1,1001,7,450.0,3150.0,2024-06-21
51496,4,1003,3,55.0,165.0,2024-04-22
51497,1,1012,7,40.0,280.0,2024-06-28
51498,3,1003,9,55.0,495.0,2024-09-07
51499,1,1002,6,35.0,210.0,2024-12-05
51500,4,1011,7,30.0,210.0,2024-06-30
61500,4,1011,7,30.0,210.0,2024-06-30
51501,4,1003,7,55.0,385.0,2024-08-14
51502,3,1010,9,25.0,225.0,2024-08-16
51503,2,1012,6,40.0,240.0,2024-07-28
51504,4,1005,2,185.0,370.0,2024-02-21
51505,3,1008,8,65.0,520.0,2024-10-28
51506,3,1003,2,55.0,110.0,2024-04-06
51507,1,1005,6,185.0,1110.0,2024-02-29
51508,3,1004,3,180.0,540.0,2024-07-13
51509,3,1008,1,65.0,65.0,2024-03-20
51510,3,1012,6,40.0,240.0,2024-05-17
51511,5,1002,8,35.0,280.0,2024-09-14
51512,4,1011,4,30.0,120.0,2024-02-22
51513,3,1011,7,30.0,210.0,2024-03-15
51514,2,1006,4,120.0,480.0,2024-03-31
51515,2,1003,3,55.0,165.0,2024-02-13
51516,4,1009,5,85.0,425.0,2024-05-28
51517,4,1009,9,85.0,765.0,2024-05-04
51518,3,1004,10,180.0,1800.0,2024-09-14
51519,5,1003,4,55.0,220.0,2024-07-26
51520,3,1011,7,30.0,210.0,2024-06-06
51521,5,1009,8,85.0,680.0,2024-08-04
51522,3,1011,10,30.0,300.0,2024-08-19
51523,2,1006,8,120.0,960.0,2024-05-30
51524,5,1008,9,65.0,585.0,2024-01-18
51525,2,1008,3,65.0,195.0,2024-10-25
51526,3,1010,1,25.0,25.0,2024-04-23
51527,3,1013,1,120.0,120.0,2024-12-05
51528,3,1003,6,55.0,330.0,2024-11-02
51529,4,1010,9,25.0,225.0,2024-02-06
51530,4,1008,1,65.0,65.0,2024-12-23
51531,4,1006,6,120.0,720.0,2024-01-17
51532,3,1007,7,45.0,315.0,2024-02-10
51533,1,1010,5,25.0,125.0,2024-05-29
51534,3,1013,5,120.0,600.0,2024-05-09
51535,4,1003,3,55.0,165.0,2024-09-22
51536,5,1010,4,25.0,100.0,2024-04-19
51537,3,1013,4,120.0,480.0,2024-06-17
51538,4,1014,8,35.0,280.0,2024-10-15
51539,5,1007,3,45.0,135.0,2024-07-27
51540,5,1009,4,85.0,340.0,2024-11-19
51541,5,1001,10,450.0,4500.0,2024-04-07
51542,4,1014,4,35.0,140.0,2024-10-25
51543,2,1009,3,85.0,255.0,2024-01-31
51544,4,1010,2,25.0,50.0,2024-11-14
51545,5,1003,4,55.0,220.0,2024-05-10
51546,4,1001,10,450.0,4500.0,2024-09-11
51547,1,1009,6,85.0,510.0,2024-09-04
51548,2,1008,2,65.0,130.0,2024-05-15
51549,5,1009,6,85.0,510.0,2024-03-27
51550,1,1010,2,25.0,50.0,2024-12-22
51551,4,1002,5,35.0,175.0,2024-11-13
51552,3,1007,9,45.0,405.0,2024-04-04
51553,5,1014,4,35.0,140.0,2024-04-09
51554,2,1013,6,120.0,720.0,2024-03-23
51555,5,1008,5,65.0,325.0,2024-09-08
51556,1,1012,5,40.0,200.0,2024-01-06
51557,4,1001,5,450.0,2250.0,2024-06-15
51558,5,1008,6,65.0,390.0,2024-10-31
51559,5,1009,4,85.0,340.0,2024-12-18
51560,2,1001,7,450.0,3150.0,2024-12-29
51561,2,1012,1,40.0,40.0,2024-04-16
51562,4,1014,10,35.0,350.0,2024-02-05
51563,1,1003,7,55.0,385.0,2024-02-14
51564,2,1005,2,185.0,370.0,2024-01-07
51565,2,1013,8,120.0,960.0,2024-10-05
51566,5,1003,5,55.0,275.0,2024-06-25
51567,5,1002,6,35.0,210.0,2024-02-16
51568,5,1002,4,35.0,140.0,2024-08-13
51569,1,1007,3,45.0,135.0,2024-11-08
51570,1,1010,5,25.0,125.0,2024-03-10
51571,2,1011,9,30.0,270.0,2024-05-18
51572,3,1008,7,65.0,455.0,2024-08-22
51573,5,1006,9,120.0,1080.0,2024-02-21
51574,2,1005,6,185.0,1110.0,2024-07-12
51575,5,1012,10,40.0,400.0,2024-04-02
51576,5,1013,1,120.0,120.0,2024-08-28
51577,5,1001,1,450.0,450.0,2024-06-03
51578,2,1001,7,450.0,3150.0,2024-02-28
51579,1,1004,1,180.0,180.0,2024-11-03
51580,5,1001,8,450.0,3600.0,2024-09-29
51581,2,1006,8,120.0,960.0,2024-11-07
51582,1,1014,5,35.0,175.0,2024-12-02
51583,3,1010,9,25.0,225.0,2024-01-14
51584,4,1007,7,45.0,315.0,2024-07-13
51585,2,1005,2,185.0,370.0,2024-02-14
51586,3,1013,1,120.0,120.0,2024-08-15
51587,5,1010,10,25.0,250.0,2024-09-21
51588,1,1012,9,40.0,360.0,2024-02-25
51589,2,1010,6,25.0,150.0,2024-04-10
51590,2,1005,1,185.0,185.0,2024-05-09
51591,4,1011,5,30.0,150.0,2024-12-22
51592,3,1005,4,185.0,740.0,2024-07-28
51593,3,1005,8,185.0,1480.0,2024-09-13
51594,5,1005,4,185.0,740.0,2024-02-08
51595,4,1004,10,180.0,1800.0,2024-06-28
51596,4,1002,4,35.0,140.0,2024-05-09
51597,3,1011,1,30.0,30.0,2024-05-06
51598,3,1009,8,85.0,680.0,2024-09-24
51599,2,1007,2,45.0,90.0,2024-03-07
51600,3,1004,7,180.0,1260.0,2024-09-06
51601,2,1008,4,65.0,260.0,2024-05-15
51602,3,1010,3,25.0,75.0,2024-10-04
51603,4,1006,9,120.0,1080.0,2024-03-23
51604,4,1011,7,30.0,210.0,2024-01-31
51605,5,1010,3,25.0,75.0,2024-03-19
51606,1,1007,7,45.0,315.0,2024-03-11
51607,4,1005,2,185.0,370.0,2024-04-25
51608,2,1011,4,30.0,120.0,2024-04-30
51609,2,1011,2,30.0,60.0,2024-08-07
51610,3,1001,6,450.0,2700.0,2024-11-13
51611,5,1002,7,35.0,245.0,2024-03-01
51612,1,1001,6,450.0,2700.0,2024-12-16
51613,1,1003,8,55.0,440.0,2024-02-09
51614,2,1013,1,120.0,120.0,2024-09-22
51615,2,1003,2,55.0,110.0,2024-05-27
51616,2,1005,3,185.0,555.0,2024-05-15
51617,2,1007,1,45.0,45.0,2024-09-06
51618,3,1005,10,185.0,1850.0,2024-11-19
51619,1,1014,3,35.0,105.0,2024-09-02
51620,1,1013,1,120.0,120.0,2024-12-05
51621,1,1009,6,85.0,510.0,2024-05-05
51622,3,1013,5,120.0,600.0,2024-02-23
51623,2,1003,10,55.0,550.0,2024-05-23
51624,4,1010,2,25.0,50.0,2024-07-12
51625,2,1011,8,30.0,240.0,2024-08-27
51626,3,1013,1,120.0,120.0,2024-07-18
51627,4,1004,1,180.0,180.0,2024-02-27
51628,1,1009,8,85.0,680.0,2024-07-07
51629,1,1012,10,40.0,400.0,2024-05-04
51630,5,1009,5,85.0,425.0,2024-03-22
51631,5,1003,2,55.0,110.0,2024-07-19
51632,3,1004,6,180.0,1080.0,2024-04-14
51633,4,1007,2,45.0,90.0,2024-01-23
51634,4,1006,1,120.0,120.0,2024-05-07
51635,4,1009,10,85.0,850.0,2024-10-14
51636,3,1003,10,55.0,550.0,2024-04-23
51637,4,1002,1,35.0,35.0,2024-08-13
51638,5,1013,3,120.0,360.0,2024-07-18
51639,5,1003,9,55.0,495.0,2024-04-01
51640,3,1012,6,40.0,240.0,2024-02-17
51641,2,1011,4,30.0,120.0,2024-02-11
51642,3,1008,7,65.0,455.0,2024-03-09
51643,4,1013,2,120.0,240.0,2024-11-29
51644,2,1004,1,180.0,180.0,2024-07-05
51645,1,1007,3,45.0,135.0,2024-03-20
51646,2,1010,9,25.0,225.0,2024-06-24
51647,4,1005,8,185.0,1480.0,2024-09-01
51648,3,1002,3,35.0,105.0,2024-06-04
51649,1,1011,1,30.0,30.0,2024-06-17
51650,3,1012,3,40.0,120.0,2024-08-09
51651,1,1014,3,35.0,105.0,2024-06-09
51652,2,1001,3,450.0,1350.0,2024-02-29
51653,1,1010,6,25.0,150.0,2024-11-26
51654,4,1013,6,120.0,720.0,2024-10-04
51655,3,1006,6,120.0,720.0,2024-09-27
51656,2,1011,1,30.0,30.0,2024-10-10
51657,2,1009,10,85.0,850.0,2024-05-24
51658,1,1002,9,35.0,315.0,2024-05-18
51659,1,1013,1,120.0,120.0,2024-07-04
51660,1,1011,8,30.0,240.0,2024-07-30
51661,4,1005,7,185.0,1295.0,2024-12-07
51662,3,1006,9,120.0,1080.0,2024-11-29
51663,3,1002,3,35.0,105.0,2024-08-24
51664,1,1005,9,185.0,1665.0,2024-09-21
51665,5,1002,9,35.0,315.0,2024-07-12
51666,4,1003,6,55.0,330.0,2024-11-02
51667,3,1010,5,25.0,125.0,2024-12-23
51668,3,1009,9,85.0,765.0,2024-10-08
51669,3,1009,7,85.0,595.0,2024-01-11
51670,1,1010,4,25.0,100.0,2024-07-29
51671,2,1008,8,65.0,520.0,2024-08-09
51672,5,1002,9,35.0,315.0,2024-08-23
51673,4,1007,8,45.0,360.0,2024-04-11
51674,1,1014,4,35.0,140.0,2024-06-21
51675,4,1002,5,35.0,175.0,2024-11-04
51676,1,1006,6,120.0,720.0,2024-01-02
51677,5,1005,10,185.0,1850.0,2024-11-18
51678,1,1010,5,25.0,125.0,2024-01-08
51679,2,1006,9,120.0,1080.0,2024-10-23
51680,5,1013,6,120.0,720.0,2024-03-02
51681,3,1011,9,30.0,270.0,2024-08-03
51682,2,1003,6,55.0,330.0,2024-09-06
51683,3,1014,8,35.0,280.0,2024-08-12
51684,2,1008,8,65.0,520.0,2024-03-09
51685,5,1006,1,120.0,120.0,2024-03-03
51686,1,1001,3,450.0,1350.0,2024-09-11
51687,3,1003,5,55.0,275.0,2024-06-09
51688,5,1012,7,40.0,280.0,2024-11-13
51689,4,1010,5,25.0,125.0,2024-09-11
51690,5,1008,4,65.0,260.0,2024-08-09
51691,5,1013,7,120.0,840.0,2024-04-19
51692,3,1014,10,35.0,350.0,2024-06-14
51693,3,1003,3,55.0,165.0,2024-01-13
51694,4,1013,8,120.0,960.0,2024-02-10
51695,5,1011,1,30.0,30.0,2024-05-09
51696,2,1011,10,30.0,300.0,2024-01-20
51697,3,1013,8,120.0,960.0,2024-08-06
51698,5,1006,2,120.0,240.0,2024-03-20
51699,1,1010,3,25.0,75.0,2024-04-27
51700,1,1002,10,35.0,350.0,2024-03-29
51701,5,1010,9,25.0,225.0,2024-04-12
51702,5,1008,1,65.0,65.0,2024-03-10
51703,3,1010,9,25.0,225.0,2024-02-22
51704,4,1007,6,45.0,270.0,2024-05-21
51705,3,1006,8,120.0,960.0,2024-09-12
51706,3,1003,6,55.0,330.0,2024-11-07
51707,4,1009,10,85.0,850.0,2024-12-18
51708,3,1003,8,55.0,440.0,2024-03-17
51709,4,1013,5,120.0,600.0,2024-05-29
51710,2,1011,9,30.0,270.0,2024-07-02
51711,3,1001,7,450.0,3150.0,2024-08-06
51712,2,1002,4,35.0,140.0,2024-04-26
51713,1,1007,8,45.0,360.0,2024-12-17
51714,2,1003,10,55.0,550.0,2024-09-22
51715,2,1007,8,45.0,360.0,2024-02-13
51716,1,1012,7,40.0,280.0,2024-09-10
51717,4,1009,2,85.0,170.0,2024-04-16
51718,1,1011,10,30.0,300.0,2024-12-17
51719,5,1002,4,35.0,140.0,2024-08-13
51720,2,1011,9,30.0,270.0,2024-04-10
51721,1,1002,4,35.0,140.0,2024-01-21
51722,4,1007,6,45.0,270.0,2024-08-01
51723,5,1008,6,65.0,390.0,2024-08-24
51724,4,1006,8,120.0,960.0,2024-07-05
51725,1,1008,10,65.0,650.0,2024-08-31
51726,1,1001,9,450.0,4050.0,2024-05-20
51727,2,1010,8,25.0,200.0,2024-01-14
51728,4,1002,2,35.0,70.0,2024-02-21
51729,4,1010,8,25.0,200.0,2024-11-11
51730,5,1013,2,120.0,240.0,2024-02-18
51731,1,1002,9,35.0,315.0,2024-11-27
51732,5,1009,2,85.0,170.0,2024-05-05
51733,4,1013,7,120.0,840.0,2024-12-11
51734,1,1001,1,450.0,450.0,2024-03-24
51735,2,1005,5,185.0,925.0,2024-08-05
51736,1,1005,3,185.0,555.0,2024-04-19
51737,2,1002,10,35.0,350.0,2024-06-05
51738,1,1008,6,65.0,390.0,2024-06-14
51739,3,1013,3,120.0,360.0,2024-09-23
51740,2,1011,10,30.0,300.0,2024-12-26
51741,4,1007,2,45.0,90.0,2024-12-11
51742,1,1012,3,40.0,120.0,2024-05-30
51743,3,1002,10,35.0,350.0,2024-08-14
51744,2,1002,8,35.0,280.0,2024-08-19
51745,2,1012,10,40.0,400.0,2024-09-28
51746,3,1012,9,40.0,360.0,2024-11-27
51747,2,1010,8,25.0,200.0,2024-06-15
51748,2,1008,1,65.0,65.0,2024-05-21
51749,1,1009,7,85.0,595.0,2024-12-28
51750,2,1008,3,65.0,195.0,2024-04-16
51751,1,1001,6,450.0,2700.0,2024-06-09
51752,4,1009,2,85.0,170.0,2024-02-06
51753,1,1007,4,45.0,180.0,2024-09-12
51754,2,1013,4,120.0,480.0,2024-04-08
51755,3,1005,4,185.0,740.0,2024-06-10
51756,1,1009,6,85.0,510.0,2024-09-14
51757,1,1005,3,185.0,555.0,2024-06-10
51758,2,1008,6,65.0,390.0,2024-04-23
51759,5,1013,3,120.0,360.0,2024-05-03
51760,1,1001,5,450.0,2250.0,2024-08-11
51761,3,1010,6,25.0,150.0,2024-10-29
51762,5,1008,1,65.0,65.0,2024-12-21
51763,1,1012,1,40.0,40.0,2024-08-13
51764,1,1007,7,45.0,315.0,2024-09-11
51765,3,1013,5,120.0,600.0,2024-02-22
51766,4,1004,7,180.0,1260.0,2024-06-05
51767,2,1006,5,120.0,600.0,2024-08-06
51768,2,1014,2,35.0,70.0,2024-10-09
51769,4,1004,10,180.0,1800.0,2024-09-14
51770,3,1005,8,185.0,1480.0,2024-08-02
51771,3,1013,4,120.0,480.0,2024-07-14
51772,4,1008,4,65.0,260.0,2024-07-28
51773,3,1013,3,120.0,360.0,2024-08-11
51774,4,1002,5,35.0,175.0,2024-10-07
51775,4,1014,4,35.0,140.0,2024-06-18
51776,3,1013,4,120.0,480.0,2024-11-05
51777,3,1006,8,120.0,960.0,2024-11-15
51778,1,1008,5,65.0,325.0,2024-04-29
51779,4,1014,7,35.0,245.0,2024-12-08
51780,5,1013,8,120.0,960.0,2024-03-15
51781,1,1005,6,185.0,1110.0,2024-04-16
51782,1,1012,5,40.0,200.0,2024-08-18
51783,3,1007,9,45.0,405.0,2024-03-15
51784,3,1014,9,35.0,315.0,2024-11-17
51785,2,1006,3,120.0,360.0,2024-04-06
51786,1,1014,9,35.0,315.0,2024-06-25
51787,4,1006,4,120.0,480.0,2024-08-17
51788,1,1010,6,25.0,150.0,2024-01-30
51789,5,1012,10,40.0,400.0,2024-04-07
51790,2,1014,2,35.0,70.0,2024-05-21
51791,3,1007,3,45.0,135.0,2024-03-30
51792,2,1002,7,35.0,245.0,2024-02-18
51793,5,1003,7,55.0,385.0,2024-12-01
51794,5,1003,2,55.0,110.0,2024-06-27
51795,1,1009,3,85.0,255.0,2024-04-25
51796,2,1004,1,180.0,180.0,2024-12-11
51797,4,1014,6,35.0,210.0,2024-06-28
51798,3,1011,8,30.0,240.0,2024-04-02
51799,2,1013,6,120.0,720.0,2024-12-26
51800,3,1011,6,30.0,180.0,2024-09-26
51801,3,1007,3,45.0,135.0,2024-11-22
51802,4,1008,5,65.0,325.0,2024-11-22
51803,1,1007,3,45.0,135.0,2024-07-21
51804,2,1014,2,35.0,70.0,2024-04-14
51805,5,1002,10,35.0,350.0,2024-09-29
51806,4,1005,1,185.0,185.0,2024-09-30
51807,2,1011,8,30.0,240.0,2024-11-25
51808,4,1004,5,180.0,900.0,2024-03-25
51809,3,1005,7,185.0,1295.0,2024-02-23
51810,2,1010,7,25.0,175.0,2024-09-24
51811,4,1001,9,450.0,4050.0,2024-12-07
51812,4,1014,4,35.0,140.0,2024-08-15
51813,3,1007,8,45.0,360.0,2024-11-17
51814,5,1004,7,180.0,1260.0,2024-07-17
51815,3,1014,8,35.0,280.0,2024-08-03
51816,4,1010,1,25.0,25.0,2024-02-11
51817,4,1002,1,35.0,35.0,2024-03-30
51818,1,1004,3,180.0,540.0,2024-03-16
51819,1,1008,4,65.0,260.0,2024-05-21
51820,2,1002,9,35.0,315.0,2024-03-01
51821,2,1004,7,180.0,1260.0,2024-07-04
51822,1,1013,2,120.0,240.0,2024-10-16
51823,2,1004,1,180.0,180.0,2024-03-15
51824,2,1004,10,180.0,1800.0,2024-03-30
51825,2,1002,10,35.0,350.0,2024-05-15
51826,3,1004,2,180.0,360.0,2024-08-27
51827,1,1001,2,450.0,900.0,2024-07-07
51828,4,1014,1,35.0,35.0,2024-10-12
51829,4,1008,8,65.0,520.0,2024-01-25
51830,5,1006,1,120.0,120.0,2024-12-28
51831,2,1002,5,35.0,175.0,2024-05-18
51832,2,1001,7,450.0,3150.0,2024-01-25
51833,4,1011,9,30.0,270.0,2024-01-21
51834,4,1007,4,45.0,180.0,2024-07-06
51835,4,1007,2,45.0,90.0,2024-04-26
51836,5,1012,7,40.0,280.0,2024-09-06
51837,1,1011,7,30.0,210.0,2024-07-06
51838,4,1001,4,450.0,1800.0,2024-11-30
51839,4,1011,8,30.0,240.0,2024-02-24
51840,4,1013,7,120.0,840.0,2024-06-17
51841,4,1009,3,85.0,255.0,2024-03-14
51842,2,1012,5,40.0,200.0,2024-07-20
51843,3,1014,10,35.0,350.0,2024-03-27
51844,3,1014,4,35.0,140.0,2024-03-09
51845,3,1003,5,55.0,275.0,2024-08-14
51846,5,1013,1,120.0,120.0,2024-06-13
51847,2,1014,7,35.0,245.0,2024-02-19
51848,5,1004,9,180.0,1620.0,2024-05-09
51849,5,1010,8,25.0,200.0,2024-11-18
51850,1,1009,2,85.0,170.0,2024-03-04
51851,2,1012,3,40.0,120.0,2024-05-12
51852,4,1002,4,35.0,140.0,2024-03-28
51853,1,1014,7,35.0,245.0,2024-03-04
51854,3,1013,5,120.0,600.0,2024-03-29
51855,4,1008,3,65.0,195.0,2024-06-24
51856,2,1006,3,120.0,360.0,2024-05-07
51857,3,1002,3,35.0,105.0,2024-03-11
51858,5,1014,9,35.0,315.0,2024-12-01
51859,4,1007,3,45.0,135.0,2024-08-07
51860,4,1006,10,120.0,1200.0,2024-12-04
51861,3,1008,7,65.0,455.0,2024-10-30
51862,1,1002,7,35.0,245.0,2024-07-14
51863,4,1002,1,35.0,35.0,2024-03-09
51864,1,1002,1,35.0,35.0,2024-09-03
51865,2,1008,6,65.0,390.0,2024-03-03
51866,3,1007,8,45.0,360.0,2024-08-09
51867,2,1006,9,120.0,1080.0,2024-09-28
51868,4,1011,5,30.0,150.0,2024-10-15
51869,5,1002,8,35.0,280.0,2024-03-10
51870,1,1013,2,120.0,240.0,2024-04-20
51871,1,1011,4,30.0,120.0,2024-07-15
51872,3,1006,2,120.0,240.0,2024-11-07
51873,1,1014,8,35.0,280.0,2024-03-13
51874,3,1005,7,185.0,1295.0,2024-08-02
51875,3,1007,10,45.0,450.0,2024-01-22
51876,1,1001,1,450.0,450.0,2024-03-28
51877,1,1008,6,65.0,390.0,2024-12-20
51878,2,1003,7,55.0,385.0,2024-08-27
51879,2,1013,8,120.0,960.0,2024-11-29
51880,5,1002,2,35.0,70.0,2024-07-18
51881,4,1004,8,180.0,1440.0,2024-08-15
51882,3,1010,10,25.0,250.0,2024-06-20
51883,5,1003,9,55.0,495.0,2024-11-19
51884,1,1002,9,35.0,315.0,2024-07-10
51885,1,1005,1,185.0,185.0,2024-11-06
51886,3,1006,3,120.0,360.0,2024-07-25
51887,5,1009,9,85.0,765.0,2024-02-15
51888,5,1011,1,30.0,30.0,2024-07-12
51889,2,1004,9,180.0,1620.0,2024-09-04
51890,5,1001,4,450.0,1800.0,2024-05-22
51891,1,1013,5,120.0,600.0,2024-01-08
51892,3,1001,5,450.0,2250.0,2024-01-11
51893,3,1011,4,30.0,120.0,2024-01-28
51894,4,1010,7,25.0,175.0,2024-08-27
51895,5,1013,9,120.0,1080.0,2024-12-23
51896,3,1010,5,25.0,125.0,2024-11-22
51897,1,1009,5,85.0,425.0,2024-01-10
51898,2,1001,1,450.0,450.0,2024-12-20
51899,2,1009,3,85.0,255.0,2024-09-24
51900,2,1014,7,35.0,245.0,2024-02-18
51901,2,1003,5,55.0,275.0,2024-04-05
51902,5,1005,4,185.0,740.0,2024-10-09
51903,2,1012,2,40.0,80.0,2024-12-29
51904,2,1013,10,120.0,1200.0,2024-03-09
51905,2,1007,10,45.0,450.0,2024-06-28
51906,1,1008,2,65.0,130.0,2024-06-25
51907,2,1014,10,35.0,350.0,2024-10-17
51908,4,1009,9,85.0,765.0,2024-10-18
51909,1,1010,6,25.0,150.0,2024-02-08
51910,5,1004,8,180.0,1440.0,2024-02-16
51911,1,1010,6,25.0,150.0,2024-10-15
51912,2,1010,2,25.0,50.0,2024-07-13
51913,2,1001,7,450.0,3150.0,2024-02-29
51914,1,1003,8,55.0,440.0,2024-07-05
51915,3,1004,6,180.0,1080.0,2024-03-04
51916,2,1010,6,25.0,150.0,2024-10-05
51917,3,1007,7,45.0,315.0,2024-08-18
51918,4,1001,3,450.0,1350.0,2024-09-14
51919,3,1003,8,55.0,440.0,2024-07-01
51920,2,1006,4,120.0,480.0,2024-06-20
51921,3,1010,4,25.0,100.0,2024-02-28
51922,3,1007,6,45.0,270.0,2024-02-02
51923,1,1004,5,180.0,900.0,2024-09-01
51924,2,1008,10,65.0,650.0,2024-09-13
51925,5,1006,6,120.0,720.0,2024-09-18
51926,3,1008,2,65.0,130.0,2024-06-21
51927,4,1009,5,85.0,425.0,2024-05-04
51928,3,1003,2,55.0,110.0,2024-12-14
51929,4,1013,7,120.0,840.0,2024-06-17
51930,1,1014,3,35.0,105.0,2024-10-26
51931,3,1003,1,55.0,55.0,2024-09-03
51932,2,1014,10,35.0,350.0,2024-03-10
51933,3,1008,6,65.0,390.0,2024-04-13
51934,3,1008,1,65.0,65.0,2024-06-30
51935,2,1010,7,25.0,175.0,2024-10-21
51936,1,1004,10,180.0,1800.0,2024-07-20
51937,1,1002,4,35.0,140.0,2024-03-20
51938,4,1014,5,35.0,175.0,2024-03-19
51939,3,1002,4,35.0,140.0,2024-01-10
51940,4,1006,2,120.0,240.0,2024-07-11
51941,5,1001,8,450.0,3600.0,2024-02-22
51942,3,1001,2,450.0,900.0,2024-04-10
51943,1,1006,3,120.0,360.0,2024-02-24
51944,5,1013,6,120.0,720.0,2024-05-17
51945,5,1001,7,450.0,3150.0,2024-09-30
51946,3,1008,1,65.0,65.0,2024-09-11
51947,3,1010,5,25.0,125.0,2024-09-03
51948,4,1011,2,30.0,60.0,2024-03-07
51949,3,1004,2,180.0,360.0,2024-03-21
51950,3,1001,3,450.0,1350.0,2024-03-28
51951,5,1004,8,180.0,1440.0,2024-03-12
51952,1,1014,5,35.0,175.0,2024-02-13
51953,2,1010,1,25.0,25.0,2024-05-12
51954,1,1006,10,120.0,1200.0,2024-05-13
51955,2,1005,1,185.0,185.0,2024-04-10
51956,1,1003,2,55.0,110.0,2024-03-17
51957,5,1011,9,30.0,270.0,2024-11-19
51958,4,1012,9,40.0,360.0,2024-10-28
51959,2,1013,10,120.0,1200.0,2024-09-28
51960,1,1014,1,35.0,35.0,2024-07-30
51961,2,1004,8,180.0,1440.0,2024-08-26
51962,2,1004,8,180.0,1440.0,2024-07-21
51963,3,1006,10,120.0,1200.0,2024-10-16
51964,3,1007,3,45.0,135.0,2024-12-26
51965,3,1004,2,180.0,360.0,2024-06-07
51966,5,1006,5,120.0,600.0,2024-01-14
51967,4,1006,6,120.0,720.0,2024-01-29
51968,1,1007,2,45.0,90.0,2024-09-04
51969,1,1001,2,450.0,900.0,2024-07-22
51970,3,1001,3,450.0,1350.0,2024-01-27
51971,5,1002,9,35.0,315.0,2024-12-12
51972,4,1008,10,65.0,650.0,2024-01-25
51973,1,1013,10,120.0,1200.0,2024-12-20
51974,3,1003,9,55.0,495.0,2024-01-29
51975,5,1011,3,30.0,90.0,2024-02-17
51976,4,1005,1,185.0,185.0,2024-05-18
51977,1,1002,1,35.0,35.0,2024-06-01
51978,1,1005,3,185.0,555.0,2024-12-27
51979,3,1014,4,35.0,140.0,2024-03-23
51980,3,1013,8,120.0,960.0,2024-06-17
51981,5,1004,4,180.0,720.0,2024-10-28
51982,1,1004,5,180.0,900.0,2024-09-18
51983,3,1001,7,450.0,3150.0,2024-07-16
51984,2,1010,3,25.0,75.0,2024-10-22
51985,3,1014,6,35.0,210.0,2024-12-13
51986,1,1011,9,30.0,270.0,2024-12-17
51987,2,1004,2,180.0,360.0,2024-08-30
51988,1,1003,2,55.0,110.0,2024-04-17
51989,3,1004,3,180.0,540.0,2024-04-01
51990,1,1008,7,65.0,455.0,2024-09-05
51991,3,1001,9,450.0,4050.0,2024-03-29
51992,5,1010,7,25.0,175.0,2024-10-13
51993,1,1011,10,30.0,300.0,2024-12-27
51994,2,1009,5,85.0,425.0,2024-12-19
51995,2,1004,6,180.0,1080.0,2024-05-01
51996,3,1004,1,180.0,180.0,2024-11-11
51997,4,1010,2,25.0,50.0,2024-12-28
51998,5,1007,4,45.0,180.0,2024-12-16
51999,5,1013,4,120.0,480.0,2024-02-01
52000,1,1010,4,25.0,100.0,2024-05-11
62000,1,1010,4,25.0,100.0,2024-05-11
